{"metadata":{"usedHelpers":[],"marked":[],"modules":{"imports":[{"source":"./accounts_url_tests.js","imported":[],"specifiers":[]},{"source":"./accounts_reconnect_tests.js","imported":[],"specifiers":[]}],"exports":{"exported":[],"specifiers":[]}}},"options":{"filename":"/packages/accounts-base/client_tests.js","filenameRelative":"/packages/accounts-base/client_tests.js","env":{},"retainLines":false,"highlightCode":true,"suppressDeprecationMessages":false,"presets":[],"plugins":[[[],null],[[],null],[[],null],[[],null],[[],null],[[],null],[[],null],[[],{"polyfill":false}],[[],null],[[],null],[[],null],[[],null],[[],null],[[],null],[[],null],[[],null],[[],{"loose":true}],[[],{"loose":true}],[[],null],[[],{"loose":true}],[[],null],[[],null],[[],{"allowTopLevelThis":true,"strict":false,"loose":true}],[[],null],[[],null],[[],null],[[],null],[[],null],[[],{"loose":true}],[[],null],[[],null],[[],null],[[],null],[[],null],[[],null],[[],null],[[],null]],"ignore":[],"code":true,"metadata":true,"ast":false,"comments":true,"compact":false,"minified":false,"sourceMap":true,"sourceMaps":true,"sourceMapTarget":"/packages/accounts-base/client_tests.js.map","sourceFileName":"/packages/accounts-base/client_tests.js","babelrc":false,"sourceType":"module","moduleIds":false,"passPerPreset":false,"basename":"client_tests"},"ignored":false,"code":"require(\"./accounts_url_tests.js\");\n\nrequire(\"./accounts_reconnect_tests.js\");","ast":null,"map":{"version":3,"sources":["/packages/accounts-base/client_tests.js"],"names":[],"mappings":"AAAA;;AACA","file":"/packages/accounts-base/client_tests.js.map","sourcesContent":["import \"./accounts_url_tests.js\";\nimport \"./accounts_reconnect_tests.js\";\n"]},"hash":"0330bdb95be30b6473737e155ddc3e4ab72325d5"}
