{"metadata":{"usedHelpers":[],"marked":[],"modules":{"imports":[{"source":"meteor/templating","imported":["Template"],"specifiers":[{"kind":"named","imported":"Template","local":"Template"}]},{"source":"meteor/meteor","imported":["Meteor"],"specifiers":[{"kind":"named","imported":"Meteor","local":"Meteor"}]},{"source":"meteor/mongo","imported":["Mongo"],"specifiers":[{"kind":"named","imported":"Mongo","local":"Mongo"}]},{"source":"meteor/check","imported":["check"],"specifiers":[{"kind":"named","imported":"check","local":"check"}]},{"source":"./main.html","imported":[],"specifiers":[]}],"exports":{"exported":[],"specifiers":[]}}},"options":{"filename":"/client/main.js","filenameRelative":"/client/main.js","env":{},"retainLines":false,"highlightCode":true,"suppressDeprecationMessages":false,"presets":[],"plugins":[[[],null],[[],null],[[],null],[[],null],[[],null],[[],null],[[],null],[[],{"polyfill":false}],[[],null],[[],null],[[],null],[[],null],[[],null],[[],null],[[],null],[[],null],[[],{"loose":true}],[[],{"loose":true}],[[],null],[[],{"loose":true}],[[],null],[[],null],[[],{"allowTopLevelThis":true,"strict":false,"loose":true}],[[],null],[[],null],[[],null],[[],null],[[],null],[[],{"loose":true}],[[],null],[[],null],[[],null],[[],null],[[],null],[[],null],[[],null],[[],null]],"ignore":[],"code":true,"metadata":true,"ast":false,"comments":true,"compact":false,"minified":false,"sourceMap":true,"sourceMaps":true,"sourceMapTarget":"/client/main.js.map","sourceFileName":"/client/main.js","babelrc":false,"sourceType":"module","moduleIds":false,"passPerPreset":false,"basename":"main"},"ignored":false,"code":"var _templating = require('meteor/templating');\n\nvar _meteor = require('meteor/meteor');\n\nvar _mongo = require('meteor/mongo');\n\nvar _check = require('meteor/check');\n\nrequire('./main.html');\n\nTasks = new _mongo.Mongo.Collection('tasks');\n\n_templating.Template.body.onCreated(function () {\n  function bodyOnCreated() {\n    this.state = new ReactiveDict();\n    _meteor.Meteor.subscribe('tasks');\n  }\n\n  return bodyOnCreated;\n}());\n\n_templating.Template.task.helpers({\n  isOwner: function () {\n    function isOwner() {\n      return this.owner === _meteor.Meteor.userId();\n    }\n\n    return isOwner;\n  }()\n});\n\n_templating.Template.task.events({ //for deletion and updation of tasks\n  'click .toggle-checked': function () {\n    function clickToggleChecked() {\n      // Set the checked property to the opposite of its current value\n      _meteor.Meteor.call('tasks.setChecked', this._id, !this.checked);\n    }\n\n    return clickToggleChecked;\n  }(),\n  'click .delete': function () {\n    function clickDelete() {\n      _meteor.Meteor.call('tasks.remove', this._id);\n    }\n\n    return clickDelete;\n  }(),\n  'click .toggle-private': function () {\n    function clickTogglePrivate() {\n      _meteor.Meteor.call('tasks.setPrivate', this._id, !this['private']);\n    }\n\n    return clickTogglePrivate;\n  }()\n});\n\n_templating.Template.body.helpers({ //display list of tasks\n\n  tasks: function () {\n    function tasks() {\n      var instance = _templating.Template.instance();\n      if (instance.state.get('hideCompleted')) {\n        // If hide completed is checked, filter tasks\n        return Tasks.find({ checked: { $ne: true } }, { sort: { createdAt: -1 } });\n      }\n      // Otherwise, return all of the tasks\n      return Tasks.find({}, { sort: { createdAt: -1 } });\n    }\n\n    return tasks;\n  }(),\n  incompleteCount: function () {\n    function incompleteCount() {\n      return Tasks.find({ checked: { $ne: true } }).count();\n    }\n\n    return incompleteCount;\n  }()\n});\n\n_templating.Template.body.events({ //add new tasks\n\n  'submit .new-task': function () {\n    function submitNewTask(event) {\n      // Prevent default browser form submit\n      event.preventDefault();\n\n      // Get value from form element\n      var target = event.target;\n      var text = target.text.value;\n\n      // Insert a task into the collection\n      _meteor.Meteor.call('tasks.insert', text);\n\n      // Clear form\n      target.text.value = '';\n    }\n\n    return submitNewTask;\n  }(),\n  'change .hide-completed input': function () {\n    function changeHideCompletedInput(event, instance) {\n      instance.state.set('hideCompleted', event.target.checked);\n    }\n\n    return changeHideCompletedInput;\n  }()\n});\n\nAccounts.ui.config({\n  passwordSignupFields: 'USERNAME_ONLY'\n});","ast":null,"map":{"version":3,"sources":["/client/main.js"],"names":[],"mappings":"AAEA;;AACA;;AACA;;AACA;;AAEA;;AAPA,QAAQ,IAAI,aAAM,UAAN,CAAiB,OAArB,CAAR;;AASA,qBAAS,IAAT,CAAc,SAAd;AAAwB,WAAS,aAAT,GAAyB;AAC/C,SAAK,KAAL,GAAa,IAAI,YAAJ,EAAb,CAD+C;AAE/C,mBAAO,SAAP,CAAiB,OAAjB,EAF+C;GAAzB;;SAAS;GAAjC;;AAKA,qBAAS,IAAT,CAAc,OAAd,CAAsB;AACrB;uBAAS;AACR,aAAO,KAAK,KAAL,KAAe,eAAO,MAAP,EAAf,CADC;;;;KADY;CAAtB;;AAMA,qBAAS,IAAT,CAAc,MAAd,CAAqB;AACnB;AAA0B,kCAAW;;AAElC,qBAAO,IAAP,CAAY,kBAAZ,EAAgC,KAAK,GAAL,EAAU,CAAC,KAAK,OAAL,CAA3C,CAFkC;KAAX;;;KAA1B;AAIA;AAAmB,2BAAW;AAC5B,qBAAO,IAAP,CAAY,cAAZ,EAA4B,KAAK,GAAL,CAA5B,CAD4B;KAAX;;;KAAnB;AAGA;kCAA0B;AACxB,qBAAO,IAAP,CAAY,kBAAZ,EAAgC,KAAK,GAAL,EAAU,CAAC,eAAD,CAA1C,CADwB;;;;KARP;CAArB;;AAaA,qBAAS,IAAT,CAAc,OAAd,CAAsB;;AACpB;qBAAQ;AACP,UAAM,WAAW,qBAAS,QAAT,EAAX,CADC;AAEN,UAAI,SAAS,KAAT,CAAe,GAAf,CAAmB,eAAnB,CAAJ,EAAyC;;AAEvC,eAAO,MAAM,IAAN,CAAW,EAAE,SAAS,EAAE,KAAK,IAAL,EAAX,EAAb,EAAuC,EAAE,MAAM,EAAE,WAAW,CAAC,CAAD,EAAnB,EAAzC,CAAP,CAFuC;OAAzC;;AAFM,aAOC,MAAM,IAAN,CAAW,EAAX,EAAe,EAAE,MAAM,EAAE,WAAW,CAAC,CAAD,EAAnB,EAAjB,CAAP,CAPM;;;;KADY;AAUpB;+BAAkB;AAChB,aAAO,MAAM,IAAN,CAAW,EAAE,SAAS,EAAE,KAAK,IAAL,EAAX,EAAb,EAAuC,KAAvC,EAAP,CADgB;;;;KAVE;CAAtB;;AAeA,qBAAS,IAAT,CAAc,MAAd,CAAqB;;AACnB;2BAAmB,OAAO;;AAExB,YAAM,cAAN;;;AAFwB,UAKlB,SAAS,MAAM,MAAN,CALS;AAMxB,UAAM,OAAO,OAAO,IAAP,CAAY,KAAZ;;;AANW,oBASvB,CAAO,IAAP,CAAY,cAAZ,EAA4B,IAA5B;;;AATuB,YAYxB,CAAO,IAAP,CAAY,KAAZ,GAAoB,EAApB,CAZwB;;;;KADP;AAenB;sCAA+B,OAAO,UAAU;AAC9C,eAAS,KAAT,CAAe,GAAf,CAAmB,eAAnB,EAAoC,MAAM,MAAN,CAAa,OAAb,CAApC,CAD8C;;;;KAf7B;CAArB;;AAoBA,SAAS,EAAT,CAAY,MAAZ,CAAmB;AACjB,wBAAsB,eAAtB;CADF","file":"/client/main.js.map","sourcesContent":["Tasks =\tnew Mongo.Collection('tasks');\n\nimport { Template } from 'meteor/templating';\nimport { Meteor } from 'meteor/meteor';\nimport { Mongo } from 'meteor/mongo';\nimport { check } from 'meteor/check';\n\nimport './main.html';\n\nTemplate.body.onCreated(function bodyOnCreated() {\n  this.state = new ReactiveDict();\n  Meteor.subscribe('tasks');\n});\n\nTemplate.task.helpers({\n\tisOwner(){\n\t\treturn this.owner === Meteor.userId();\n\t},\n});\n\nTemplate.task.events({\t\t\t\t\t\t\t\t\t\t\t\t\t\t//for deletion and updation of tasks\n  'click .toggle-checked' : function() {\n    // Set the checked property to the opposite of its current value\n     Meteor.call('tasks.setChecked', this._id, !this.checked);\n  },\n  'click .delete'  : function() {\n    Meteor.call('tasks.remove', this._id);\n  },\n  'click .toggle-private'() {\n    Meteor.call('tasks.setPrivate', this._id, !this.private);\n  },\n});\n\nTemplate.body.helpers({\t\t\t\t\t\t\t\t\t\t\t\t\t\t\t//display list of tasks\n  tasks() {\n  \tconst instance = Template.instance();\n    if (instance.state.get('hideCompleted')) {\n      // If hide completed is checked, filter tasks\n      return Tasks.find({ checked: { $ne: true } }, { sort: { createdAt: -1 } });\n    }\n    // Otherwise, return all of the tasks\n    return Tasks.find({}, { sort: { createdAt: -1 } });\n  },\n  incompleteCount() {\n    return Tasks.find({ checked: { $ne: true } }).count();\n  },\n});\n\nTemplate.body.events({\t\t\t\t\t\t\t\t\t\t\t\t\t\t\t//add new tasks\n  'submit .new-task'(event) {\n    // Prevent default browser form submit\n    event.preventDefault();\n \n    // Get value from form element\n    const target = event.target;\n    const text = target.text.value;\n \n    // Insert a task into the collection\n     Meteor.call('tasks.insert', text);\n \n    // Clear form\n    target.text.value = '';\n  },\n  'change .hide-completed input'(event, instance) {\n    instance.state.set('hideCompleted', event.target.checked);\n  },\n});\n\nAccounts.ui.config({\n  passwordSignupFields: 'USERNAME_ONLY',\n});\n\n"]},"hash":"102dca3758b2aa7513dad229a0b8a0ee4599a700"}
