{"metadata":{"usedHelpers":[],"marked":[],"modules":{"imports":[{"source":"meteor/templating","imported":["Template"],"specifiers":[{"kind":"named","imported":"Template","local":"Template"}]},{"source":"./main.html","imported":[],"specifiers":[]}],"exports":{"exported":[],"specifiers":[]}}},"options":{"filename":"/client/main.js","filenameRelative":"/client/main.js","env":{},"retainLines":false,"highlightCode":true,"suppressDeprecationMessages":false,"presets":[],"plugins":[[[],null],[[],null],[[],null],[[],null],[[],null],[[],null],[[],null],[[],{"polyfill":false}],[[],null],[[],null],[[],null],[[],null],[[],null],[[],null],[[],null],[[],null],[[],{"loose":true}],[[],{"loose":true}],[[],null],[[],{"loose":true}],[[],null],[[],null],[[],{"allowTopLevelThis":true,"strict":false,"loose":true}],[[],null],[[],null],[[],null],[[],null],[[],null],[[],{"loose":true}],[[],null],[[],null],[[],null],[[],null],[[],null],[[],null],[[],null],[[],null]],"ignore":[],"code":true,"metadata":true,"ast":false,"comments":true,"compact":false,"minified":false,"sourceMap":true,"sourceMaps":true,"sourceMapTarget":"/client/main.js.map","sourceFileName":"/client/main.js","babelrc":false,"sourceType":"module","moduleIds":false,"passPerPreset":false,"basename":"main"},"ignored":false,"code":"var _templating = require('meteor/templating');\n\nrequire('./main.html');\n\nTasks = new Mongo.Collection('tasks');\n\n_templating.Template.body.onCreated(function () {\n  function bodyOnCreated() {\n    this.state = new ReactiveDict();\n  }\n\n  return bodyOnCreated;\n}());\n\n_templating.Template.task.events({ //for deletion and updation of tasks\n\n  'click .toggle-checked': function () {\n    function clickToggleChecked() {\n      // Set the checked property to the opposite of its current value\n      Tasks.update(this._id, {\n        $set: { checked: !this.checked }\n      });\n    }\n\n    return clickToggleChecked;\n  }(),\n\n  'click .delete': function () {\n    function clickDelete() {\n      if (confirm('Are You Sure?')) {\n        Tasks.remove(this._id);\n      }\n    }\n\n    return clickDelete;\n  }()\n});\n\n_templating.Template.body.helpers({ //display list of tasks\n\n  tasks: function () {\n    function tasks() {\n      var instance = _templating.Template.instance();\n      if (instance.state.get('hideCompleted')) {\n        // If hide completed is checked, filter tasks\n        return Tasks.find({ checked: { $ne: true } }, { sort: { createdAt: -1 } });\n      }\n      // Otherwise, return all of the tasks\n      return Tasks.find({}, { sort: { createdAt: -1 } });\n    }\n\n    return tasks;\n  }(),\n  incompleteCount: function () {\n    function incompleteCount() {\n      return Tasks.find({ checked: { $ne: true } }).count();\n    }\n\n    return incompleteCount;\n  }()\n});\n\n_templating.Template.body.events({ //add new tasks\n\n  'submit .new-task': function () {\n    function submitNewTask(event) {\n      // Prevent default browser form submit\n      event.preventDefault();\n\n      // Get value from form element\n      var target = event.target;\n      var text = target.text.value;\n\n      // Insert a task into the collection\n      Tasks.insert({\n        text: text,\n        createdAt: new Date(), // current time\n        owner: Meteor.userId(),\n        username: Meteor.user().username\n      });\n\n      // Clear form\n      target.text.value = '';\n    }\n\n    return submitNewTask;\n  }(),\n  'change .hide-completed input': function () {\n    function changeHideCompletedInput(event, instance) {\n      instance.state.set('hideCompleted', event.target.checked);\n    }\n\n    return changeHideCompletedInput;\n  }()\n});\n\nAccounts.ui.config({\n  passwordSignupFields: 'USERNAME_ONLY'\n});\n\nMeteor.methods({\n  'tasks.insert': function () {\n    function tasksInsert(text) {\n      check(text, String);\n\n      // Make sure the user is logged in before inserting a task\n      if (!Meteor.userId()) {\n        throw new Meteor.Error('not-authorized');\n      }\n\n      Tasks.insert({\n        text: text,\n        createdAt: new Date(),\n        owner: Meteor.userId(),\n        username: Meteor.user().username\n      });\n    }\n\n    return tasksInsert;\n  }()\n});","ast":null,"map":{"version":3,"sources":["/client/main.js"],"names":[],"mappings":"AAEA;;AAEA;;AAJA,QAAQ,IAAI,MAAM,UAAN,CAAiB,OAArB,CAAR;;AAMA,qBAAS,IAAT,CAAc,SAAd;AAAwB,WAAS,aAAT,GAAyB;AAC/C,SAAK,KAAL,GAAa,IAAI,YAAJ,EAAb,CAD+C;GAAzB;;SAAS;GAAjC;;AAIA,qBAAS,IAAT,CAAc,MAAd,CAAqB;;AACnB;kCAA0B;;AAExB,YAAM,MAAN,CAAa,KAAK,GAAL,EAAU;AACrB,cAAM,EAAE,SAAS,CAAE,KAAK,OAAL,EAAnB;OADF,EAFwB;;;;KADP;;AAOnB;AAAgB,2BAAW;AAC1B,UAAG,QAAQ,eAAR,CAAH,EAA4B;AAC3B,cAAM,MAAN,CAAa,KAAK,GAAL,CAAb,CAD2B;OAA5B;KADe;;;KAAhB;CAPF;;AAcA,qBAAS,IAAT,CAAc,OAAd,CAAsB;;AACpB;qBAAQ;AACP,UAAM,WAAW,qBAAS,QAAT,EAAX,CADC;AAEN,UAAI,SAAS,KAAT,CAAe,GAAf,CAAmB,eAAnB,CAAJ,EAAyC;;AAEvC,eAAO,MAAM,IAAN,CAAW,EAAE,SAAS,EAAE,KAAK,IAAL,EAAX,EAAb,EAAuC,EAAE,MAAM,EAAE,WAAW,CAAC,CAAD,EAAnB,EAAzC,CAAP,CAFuC;OAAzC;;AAFM,aAOC,MAAM,IAAN,CAAW,EAAX,EAAe,EAAE,MAAM,EAAE,WAAW,CAAC,CAAD,EAAnB,EAAjB,CAAP,CAPM;;;;KADY;AAUpB;+BAAkB;AAChB,aAAO,MAAM,IAAN,CAAW,EAAE,SAAS,EAAE,KAAK,IAAL,EAAX,EAAb,EAAuC,KAAvC,EAAP,CADgB;;;;KAVE;CAAtB;;AAeA,qBAAS,IAAT,CAAc,MAAd,CAAqB;;AACnB;2BAAmB,OAAO;;AAExB,YAAM,cAAN;;;AAFwB,UAKlB,SAAS,MAAM,MAAN,CALS;AAMxB,UAAM,OAAO,OAAO,IAAP,CAAY,KAAZ;;;AANW,WASxB,CAAM,MAAN,CAAa;AACX,kBADW;AAEX,mBAAW,IAAI,IAAJ,EAAX;AACA,eAAO,OAAO,MAAP,EAAP;AACA,kBAAU,OAAO,IAAP,GAAc,QAAd;OAJZ;;;AATwB,YAiBxB,CAAO,IAAP,CAAY,KAAZ,GAAoB,EAApB,CAjBwB;;;;KADP;AAoBnB;sCAA+B,OAAO,UAAU;AAC9C,eAAS,KAAT,CAAe,GAAf,CAAmB,eAAnB,EAAoC,MAAM,MAAN,CAAa,OAAb,CAApC,CAD8C;;;;KApB7B;CAArB;;AAyBA,SAAS,EAAT,CAAY,MAAZ,CAAmB;AACjB,wBAAsB,eAAtB;CADF;;AAIA,OAAO,OAAP,CAAe;AACb;yBAAe,MAAM;AACnB,YAAM,IAAN,EAAY,MAAZ;;;AADmB,UAIf,CAAE,OAAO,MAAP,EAAF,EAAmB;AACrB,cAAM,IAAI,OAAO,KAAP,CAAa,gBAAjB,CAAN,CADqB;OAAvB;;AAIA,YAAM,MAAN,CAAa;AACX,kBADW;AAEX,mBAAW,IAAI,IAAJ,EAAX;AACA,eAAO,OAAO,MAAP,EAAP;AACA,kBAAU,OAAO,IAAP,GAAc,QAAd;OAJZ,EARmB;;;;KADR;CAAf","file":"/client/main.js.map","sourcesContent":["Tasks =\tnew Mongo.Collection('tasks');\n\nimport { Template } from 'meteor/templating';\n\nimport './main.html';\n\nTemplate.body.onCreated(function bodyOnCreated() {\n  this.state = new ReactiveDict();\n});\n\nTemplate.task.events({\t\t\t\t\t\t\t\t\t\t\t\t\t\t//for deletion and updation of tasks\n  'click .toggle-checked'() {\n    // Set the checked property to the opposite of its current value\n    Tasks.update(this._id, {\n      $set: { checked: ! this.checked },\n    });\n  },\n  'click .delete':function() {\n  \tif(confirm('Are You Sure?')){\n    Tasks.remove(this._id);\n  }\n  },\n});\n\nTemplate.body.helpers({\t\t\t\t\t\t\t\t\t\t\t\t\t\t\t//display list of tasks\n  tasks() {\n  \tconst instance = Template.instance();\n    if (instance.state.get('hideCompleted')) {\n      // If hide completed is checked, filter tasks\n      return Tasks.find({ checked: { $ne: true } }, { sort: { createdAt: -1 } });\n    }\n    // Otherwise, return all of the tasks\n    return Tasks.find({}, { sort: { createdAt: -1 } });\n  },\n  incompleteCount() {\n    return Tasks.find({ checked: { $ne: true } }).count();\n  },\n});\n\nTemplate.body.events({\t\t\t\t\t\t\t\t\t\t\t\t\t\t\t//add new tasks\n  'submit .new-task'(event) {\n    // Prevent default browser form submit\n    event.preventDefault();\n \n    // Get value from form element\n    const target = event.target;\n    const text = target.text.value;\n \n    // Insert a task into the collection\n    Tasks.insert({\n      text,\n      createdAt: new Date(), // current time\n      owner: Meteor.userId(),\n      username: Meteor.user().username,\n    });\n \n    // Clear form\n    target.text.value = '';\n  },\n  'change .hide-completed input'(event, instance) {\n    instance.state.set('hideCompleted', event.target.checked);\n  },\n});\n\nAccounts.ui.config({\n  passwordSignupFields: 'USERNAME_ONLY',\n});\n\nMeteor.methods({\n  'tasks.insert'(text) {\n    check(text, String);\n \n    // Make sure the user is logged in before inserting a task\n    if (! Meteor.userId()) {\n      throw new Meteor.Error('not-authorized');\n    }\n \n    Tasks.insert({\n      text,\n      createdAt: new Date(),\n      owner: Meteor.userId(),\n      username: Meteor.user().username,\n    });\n  },\n});"]},"hash":"134a1fd628c9edb7d7bd7ccb508560a3e3a29367"}
