{"metadata":{"usedHelpers":[],"marked":[],"modules":{"imports":[{"source":"meteor/templating","imported":["Template"],"specifiers":[{"kind":"named","imported":"Template","local":"Template"}]},{"source":"./main.html","imported":[],"specifiers":[]}],"exports":{"exported":[],"specifiers":[]}}},"options":{"filename":"/client/main.js","filenameRelative":"/client/main.js","env":{},"retainLines":false,"highlightCode":true,"suppressDeprecationMessages":false,"presets":[],"plugins":[[[],null],[[],null],[[],null],[[],null],[[],null],[[],null],[[],null],[[],{"polyfill":false}],[[],null],[[],null],[[],null],[[],null],[[],null],[[],null],[[],null],[[],null],[[],{"loose":true}],[[],{"loose":true}],[[],null],[[],{"loose":true}],[[],null],[[],null],[[],{"allowTopLevelThis":true,"strict":false,"loose":true}],[[],null],[[],null],[[],null],[[],null],[[],null],[[],{"loose":true}],[[],null],[[],null],[[],null],[[],null],[[],null],[[],null],[[],null],[[],null]],"ignore":[],"code":true,"metadata":true,"ast":false,"comments":true,"compact":false,"minified":false,"sourceMap":true,"sourceMaps":true,"sourceMapTarget":"/client/main.js.map","sourceFileName":"/client/main.js","babelrc":false,"sourceType":"module","moduleIds":false,"passPerPreset":false,"basename":"main"},"ignored":false,"code":"var _templating = require('meteor/templating');\n\nrequire('./main.html');\n\n_templating.Template.body.helpers({\n  tasks: [{ text: 'This is task 1' }, { text: 'This is task 2' }, { text: 'This is task 3' }]\n});","ast":null,"map":{"version":3,"sources":["/client/main.js"],"names":[],"mappings":"AAAA;;AAEA;;AAEA,qBAAS,IAAT,CAAc,OAAd,CAAsB;AACpB,SAAO,CACL,EAAE,MAAM,gBAAN,EADG,EAEL,EAAE,MAAM,gBAAN,EAFG,EAGL,EAAE,MAAM,gBAAN,EAHG,CAAP;CADF","file":"/client/main.js.map","sourcesContent":["import { Template } from 'meteor/templating';\n\nimport './main.html';\n\nTemplate.body.helpers({\n  tasks: [\n    { text: 'This is task 1' },\n    { text: 'This is task 2' },\n    { text: 'This is task 3' },\n  ],\n});\n"]},"hash":"34a602319e3765d3e3eafc54c6a32a5946b11f4a"}
