{"metadata":{"usedHelpers":[],"marked":[],"modules":{"imports":[],"exports":{"exported":[],"specifiers":[]}}},"options":{"filename":"/packages/accounts-password/password_client.js","filenameRelative":"/packages/accounts-password/password_client.js","env":{},"retainLines":false,"highlightCode":true,"suppressDeprecationMessages":false,"presets":[],"plugins":[[[],null],[[],null],[[],null],[[],null],[[],null],[[],null],[[],null],[[],{"polyfill":false}],[[],null],[[],null],[[],null],[[],null],[[],null],[[],null],[[],null],[[],null],[[],{"loose":true}],[[],{"loose":true}],[[],null],[[],{"loose":true}],[[],null],[[],null],[[],{"allowTopLevelThis":true,"strict":false,"loose":true}],[[],null],[[],null],[[],null],[[],null],[[],null],[[],{"loose":true}],[[],null],[[],null],[[],null],[[],null],[[],null],[[],null],[[],null],[[],null]],"ignore":[],"code":true,"metadata":true,"ast":false,"comments":true,"compact":false,"minified":false,"sourceMap":true,"sourceMaps":true,"sourceMapTarget":"/packages/accounts-password/password_client.js.map","sourceFileName":"/packages/accounts-password/password_client.js","babelrc":false,"sourceType":"module","moduleIds":false,"passPerPreset":false,"basename":"password_client"},"ignored":false,"code":"// Attempt to log in with a password.\n//\n// @param selector {String|Object} One of the following:\n//   - {username: (username)}\n//   - {email: (email)}\n//   - a string which may be a username or email, depending on whether\n//     it contains \"@\".\n// @param password {String}\n// @param callback {Function(error|undefined)}\n\n/**\n * @summary Log the user in with a password.\n * @locus Client\n * @param {Object | String} user\n *   Either a string interpreted as a username or an email; or an object with a\n *   single key: `email`, `username` or `id`. Username or email match in a case\n *   insensitive manner.\n * @param {String} password The user's password.\n * @param {Function} [callback] Optional callback.\n *   Called with no arguments on success, or with a single `Error` argument\n *   on failure.\n * @importFromPackage meteor\n */\nMeteor.loginWithPassword = function (selector, password, callback) {\n  if (typeof selector === 'string') if (selector.indexOf('@') === -1) selector = { username: selector };else selector = { email: selector };\n\n  Accounts.callLoginMethod({\n    methodArguments: [{\n      user: selector,\n      password: Accounts._hashPassword(password)\n    }],\n    userCallback: function () {\n      function userCallback(error, result) {\n        if (error && error.error === 400 && error.reason === 'old password format') {\n          // The \"reason\" string should match the error thrown in the\n          // password login handler in password_server.js.\n\n          // XXX COMPAT WITH 0.8.1.3\n          // If this user's last login was with a previous version of\n          // Meteor that used SRP, then the server throws this error to\n          // indicate that we should try again. The error includes the\n          // user's SRP identity. We provide a value derived from the\n          // identity and the password to prove to the server that we know\n          // the password without requiring a full SRP flow, as well as\n          // SHA256(password), which the server bcrypts and stores in\n          // place of the old SRP information for this user.\n          srpUpgradePath({\n            upgradeError: error,\n            userSelector: selector,\n            plaintextPassword: password\n          }, callback);\n        } else if (error) {\n          callback && callback(error);\n        } else {\n          callback && callback();\n        }\n      }\n\n      return userCallback;\n    }()\n  });\n};\n\nAccounts._hashPassword = function (password) {\n  return {\n    digest: SHA256(password),\n    algorithm: \"sha-256\"\n  };\n};\n\n// XXX COMPAT WITH 0.8.1.3\n// The server requested an upgrade from the old SRP password format,\n// so supply the needed SRP identity to login. Options:\n//   - upgradeError: the error object that the server returned to tell\n//     us to upgrade from SRP to bcrypt.\n//   - userSelector: selector to retrieve the user object\n//   - plaintextPassword: the password as a string\nvar srpUpgradePath = function srpUpgradePath(options, callback) {\n  var details;\n  try {\n    details = EJSON.parse(options.upgradeError.details);\n  } catch (e) {}\n  if (!(details && details.format === 'srp')) {\n    callback && callback(new Meteor.Error(400, \"Password is old. Please reset your \" + \"password.\"));\n  } else {\n    Accounts.callLoginMethod({\n      methodArguments: [{\n        user: options.userSelector,\n        srp: SHA256(details.identity + \":\" + options.plaintextPassword),\n        password: Accounts._hashPassword(options.plaintextPassword)\n      }],\n      userCallback: callback\n    });\n  }\n};\n\n// Attempt to log in as a new user.\n\n/**\n * @summary Create a new user.\n * @locus Anywhere\n * @param {Object} options\n * @param {String} options.username A unique name for this user.\n * @param {String} options.email The user's email address.\n * @param {String} options.password The user's password. This is __not__ sent in plain text over the wire.\n * @param {Object} options.profile The user's profile, typically including the `name` field.\n * @param {Function} [callback] Client only, optional callback. Called with no arguments on success, or with a single `Error` argument on failure.\n * @importFromPackage accounts-base\n */\nAccounts.createUser = function (options, callback) {\n  options = _.clone(options); // we'll be modifying options\n\n  if (typeof options.password !== 'string') throw new Error(\"options.password must be a string\");\n  if (!options.password) {\n    callback(new Meteor.Error(400, \"Password may not be empty\"));\n    return;\n  }\n\n  // Replace password with the hashed password.\n  options.password = Accounts._hashPassword(options.password);\n\n  Accounts.callLoginMethod({\n    methodName: 'createUser',\n    methodArguments: [options],\n    userCallback: callback\n  });\n};\n\n// Change password. Must be logged in.\n//\n// @param oldPassword {String|null} By default servers no longer allow\n//   changing password without the old password, but they could so we\n//   support passing no password to the server and letting it decide.\n// @param newPassword {String}\n// @param callback {Function(error|undefined)}\n\n/**\n * @summary Change the current user's password. Must be logged in.\n * @locus Client\n * @param {String} oldPassword The user's current password. This is __not__ sent in plain text over the wire.\n * @param {String} newPassword A new password for the user. This is __not__ sent in plain text over the wire.\n * @param {Function} [callback] Optional callback. Called with no arguments on success, or with a single `Error` argument on failure.\n * @importFromPackage accounts-base\n */\nAccounts.changePassword = function (oldPassword, newPassword, callback) {\n  if (!Meteor.user()) {\n    callback && callback(new Error(\"Must be logged in to change password.\"));\n    return;\n  }\n\n  check(newPassword, String);\n  if (!newPassword) {\n    callback(new Meteor.Error(400, \"Password may not be empty\"));\n    return;\n  }\n\n  Accounts.connection.apply('changePassword', [oldPassword ? Accounts._hashPassword(oldPassword) : null, Accounts._hashPassword(newPassword)], function (error, result) {\n    if (error || !result) {\n      if (error && error.error === 400 && error.reason === 'old password format') {\n        // XXX COMPAT WITH 0.8.1.3\n        // The server is telling us to upgrade from SRP to bcrypt, as\n        // in Meteor.loginWithPassword.\n        srpUpgradePath({\n          upgradeError: error,\n          userSelector: { id: Meteor.userId() },\n          plaintextPassword: oldPassword\n        }, function (err) {\n          if (err) {\n            callback && callback(err);\n          } else {\n            // Now that we've successfully migrated from srp to\n            // bcrypt, try changing the password again.\n            Accounts.changePassword(oldPassword, newPassword, callback);\n          }\n        });\n      } else {\n        // A normal error, not an error telling us to upgrade to bcrypt\n        callback && callback(error || new Error(\"No result from changePassword.\"));\n      }\n    } else {\n      callback && callback();\n    }\n  });\n};\n\n// Sends an email to a user with a link that can be used to reset\n// their password\n//\n// @param options {Object}\n//   - email: (email)\n// @param callback (optional) {Function(error|undefined)}\n\n/**\n * @summary Request a forgot password email.\n * @locus Client\n * @param {Object} options\n * @param {String} options.email The email address to send a password reset link.\n * @param {Function} [callback] Optional callback. Called with no arguments on success, or with a single `Error` argument on failure.\n * @importFromPackage accounts-base\n */\nAccounts.forgotPassword = function (options, callback) {\n  if (!options.email) throw new Error(\"Must pass options.email\");\n  Accounts.connection.call(\"forgotPassword\", options, callback);\n};\n\n// Resets a password based on a token originally created by\n// Accounts.forgotPassword, and then logs in the matching user.\n//\n// @param token {String}\n// @param newPassword {String}\n// @param callback (optional) {Function(error|undefined)}\n\n/**\n * @summary Reset the password for a user using a token received in email. Logs the user in afterwards.\n * @locus Client\n * @param {String} token The token retrieved from the reset password URL.\n * @param {String} newPassword A new password for the user. This is __not__ sent in plain text over the wire.\n * @param {Function} [callback] Optional callback. Called with no arguments on success, or with a single `Error` argument on failure.\n * @importFromPackage accounts-base\n */\nAccounts.resetPassword = function (token, newPassword, callback) {\n  check(token, String);\n  check(newPassword, String);\n\n  if (!newPassword) {\n    callback(new Meteor.Error(400, \"Password may not be empty\"));\n    return;\n  }\n\n  Accounts.callLoginMethod({\n    methodName: 'resetPassword',\n    methodArguments: [token, Accounts._hashPassword(newPassword)],\n    userCallback: callback });\n};\n\n// Verifies a user's email address based on a token originally\n// created by Accounts.sendVerificationEmail\n//\n// @param token {String}\n// @param callback (optional) {Function(error|undefined)}\n\n/**\n * @summary Marks the user's email address as verified. Logs the user in afterwards.\n * @locus Client\n * @param {String} token The token retrieved from the verification URL.\n * @param {Function} [callback] Optional callback. Called with no arguments on success, or with a single `Error` argument on failure.\n * @importFromPackage accounts-base\n */\nAccounts.verifyEmail = function (token, callback) {\n  if (!token) throw new Error(\"Need to pass token\");\n\n  Accounts.callLoginMethod({\n    methodName: 'verifyEmail',\n    methodArguments: [token],\n    userCallback: callback });\n};","ast":null,"map":{"version":3,"sources":["/packages/accounts-password/password_client.js"],"names":[],"mappings":";;;;;;;;;;;;;;;;;;;;;;;AAuBA,OAAO,iBAAP,GAA2B,UAAU,QAAV,EAAoB,QAApB,EAA8B,QAA9B,EAAwC;AACjE,MAAI,OAAO,QAAP,KAAoB,QAApB,EACF,IAAI,SAAS,OAAT,CAAiB,GAAjB,MAA0B,CAAC,CAAD,EAC5B,WAAW,EAAC,UAAU,QAAV,EAAZ,CADF,KAGE,WAAW,EAAC,OAAO,QAAP,EAAZ,CAHF;;AAKF,WAAS,eAAT,CAAyB;AACvB,qBAAiB,CAAC;AAChB,YAAM,QAAN;AACA,gBAAU,SAAS,aAAT,CAAuB,QAAvB,CAAV;KAFe,CAAjB;AAIA;AAAc,4BAAU,KAAV,EAAiB,MAAjB,EAAyB;AACrC,YAAI,SAAS,MAAM,KAAN,KAAgB,GAAhB,IACT,MAAM,MAAN,KAAiB,qBAAjB,EAAwC;;;;;;;;;;;;;AAa1C,yBAAe;AACb,0BAAc,KAAd;AACA,0BAAc,QAAd;AACA,+BAAmB,QAAnB;WAHF,EAIG,QAJH,EAb0C;SAD5C,MAoBK,IAAI,KAAJ,EAAW;AACd,sBAAY,SAAS,KAAT,CAAZ,CADc;SAAX,MAEE;AACL,sBAAY,UAAZ,CADK;SAFF;OArBO;;;OAAd;GALF,EAPiE;CAAxC;;AA0C3B,SAAS,aAAT,GAAyB,UAAU,QAAV,EAAoB;AAC3C,SAAO;AACL,YAAQ,OAAO,QAAP,CAAR;AACA,eAAW,SAAX;GAFF,CAD2C;CAApB;;;;;;;;;AAczB,IAAI,iBAAiB,SAAjB,cAAiB,CAAU,OAAV,EAAmB,QAAnB,EAA6B;AAChD,MAAI,OAAJ,CADgD;AAEhD,MAAI;AACF,cAAU,MAAM,KAAN,CAAY,QAAQ,YAAR,CAAqB,OAArB,CAAtB,CADE;GAAJ,CAEE,OAAO,CAAP,EAAU,EAAV;AACF,MAAI,EAAE,WAAW,QAAQ,MAAR,KAAmB,KAAnB,CAAb,EAAwC;AAC1C,gBAAY,SACV,IAAI,OAAO,KAAP,CAAa,GAAjB,EAAsB,wCACL,WADK,CADZ,CAAZ,CAD0C;GAA5C,MAIO;AACL,aAAS,eAAT,CAAyB;AACvB,uBAAiB,CAAC;AAChB,cAAM,QAAQ,YAAR;AACN,aAAK,OAAO,QAAQ,QAAR,GAAmB,GAAnB,GAAyB,QAAQ,iBAAR,CAArC;AACA,kBAAU,SAAS,aAAT,CAAuB,QAAQ,iBAAR,CAAjC;OAHe,CAAjB;AAKA,oBAAc,QAAd;KANF,EADK;GAJP;CALmB;;;;;;;;;;;;;;;AAmCrB,SAAS,UAAT,GAAsB,UAAU,OAAV,EAAmB,QAAnB,EAA6B;AACjD,YAAU,EAAE,KAAF,CAAQ,OAAR,CAAV;;AADiD,MAG7C,OAAO,QAAQ,QAAR,KAAqB,QAA5B,EACF,MAAM,IAAI,KAAJ,CAAU,mCAAV,CAAN,CADF;AAEA,MAAI,CAAC,QAAQ,QAAR,EAAkB;AACrB,aAAS,IAAI,OAAO,KAAP,CAAa,GAAjB,EAAsB,2BAAtB,CAAT,EADqB;AAErB,WAFqB;GAAvB;;;AALiD,SAWjD,CAAQ,QAAR,GAAmB,SAAS,aAAT,CAAuB,QAAQ,QAAR,CAA1C,CAXiD;;AAajD,WAAS,eAAT,CAAyB;AACvB,gBAAY,YAAZ;AACA,qBAAiB,CAAC,OAAD,CAAjB;AACA,kBAAc,QAAd;GAHF,EAbiD;CAA7B;;;;;;;;;;;;;;;;;;AAoCtB,SAAS,cAAT,GAA0B,UAAU,WAAV,EAAuB,WAAvB,EAAoC,QAApC,EAA8C;AACtE,MAAI,CAAC,OAAO,IAAP,EAAD,EAAgB;AAClB,gBAAY,SAAS,IAAI,KAAJ,CAAU,uCAAV,CAAT,CAAZ,CADkB;AAElB,WAFkB;GAApB;;AAKA,QAAM,WAAN,EAAmB,MAAnB,EANsE;AAOtE,MAAI,CAAC,WAAD,EAAc;AAChB,aAAS,IAAI,OAAO,KAAP,CAAa,GAAjB,EAAsB,2BAAtB,CAAT,EADgB;AAEhB,WAFgB;GAAlB;;AAKA,WAAS,UAAT,CAAoB,KAApB,CACE,gBADF,EAEE,CAAC,cAAc,SAAS,aAAT,CAAuB,WAAvB,CAAd,GAAoD,IAApD,EACA,SAAS,aAAT,CAAuB,WAAvB,CADD,CAFF,EAIE,UAAU,KAAV,EAAiB,MAAjB,EAAyB;AACvB,QAAI,SAAS,CAAC,MAAD,EAAS;AACpB,UAAI,SAAS,MAAM,KAAN,KAAgB,GAAhB,IACT,MAAM,MAAN,KAAiB,qBAAjB,EAAwC;;;;AAI1C,uBAAe;AACb,wBAAc,KAAd;AACA,wBAAc,EAAE,IAAI,OAAO,MAAP,EAAJ,EAAhB;AACA,6BAAmB,WAAnB;SAHF,EAIG,UAAU,GAAV,EAAe;AAChB,cAAI,GAAJ,EAAS;AACP,wBAAY,SAAS,GAAT,CAAZ,CADO;WAAT,MAEO;;;AAGL,qBAAS,cAAT,CAAwB,WAAxB,EAAqC,WAArC,EAAkD,QAAlD,EAHK;WAFP;SADC,CAJH,CAJ0C;OAD5C,MAkBO;;AAEL,oBAAY,SACV,SAAS,IAAI,KAAJ,CAAU,gCAAV,CAAT,CADF,CAFK;OAlBP;KADF,MAwBO;AACL,kBAAY,UAAZ,CADK;KAxBP;GADF,CAJF,CAZsE;CAA9C;;;;;;;;;;;;;;;;;AA+D1B,SAAS,cAAT,GAA0B,UAAS,OAAT,EAAkB,QAAlB,EAA4B;AACpD,MAAI,CAAC,QAAQ,KAAR,EACH,MAAM,IAAI,KAAJ,CAAU,yBAAV,CAAN,CADF;AAEA,WAAS,UAAT,CAAoB,IAApB,CAAyB,gBAAzB,EAA2C,OAA3C,EAAoD,QAApD,EAHoD;CAA5B;;;;;;;;;;;;;;;;;AAqB1B,SAAS,aAAT,GAAyB,UAAS,KAAT,EAAgB,WAAhB,EAA6B,QAA7B,EAAuC;AAC9D,QAAM,KAAN,EAAa,MAAb,EAD8D;AAE9D,QAAM,WAAN,EAAmB,MAAnB,EAF8D;;AAI9D,MAAI,CAAC,WAAD,EAAc;AAChB,aAAS,IAAI,OAAO,KAAP,CAAa,GAAjB,EAAsB,2BAAtB,CAAT,EADgB;AAEhB,WAFgB;GAAlB;;AAKA,WAAS,eAAT,CAAyB;AACvB,gBAAY,eAAZ;AACA,qBAAiB,CAAC,KAAD,EAAQ,SAAS,aAAT,CAAuB,WAAvB,CAAR,CAAjB;AACA,kBAAc,QAAd,EAHF,EAT8D;CAAvC;;;;;;;;;;;;;;;AA4BzB,SAAS,WAAT,GAAuB,UAAS,KAAT,EAAgB,QAAhB,EAA0B;AAC/C,MAAI,CAAC,KAAD,EACF,MAAM,IAAI,KAAJ,CAAU,oBAAV,CAAN,CADF;;AAGA,WAAS,eAAT,CAAyB;AACvB,gBAAY,aAAZ;AACA,qBAAiB,CAAC,KAAD,CAAjB;AACA,kBAAc,QAAd,EAHF,EAJ+C;CAA1B","file":"/packages/accounts-password/password_client.js.map","sourcesContent":["// Attempt to log in with a password.\n//\n// @param selector {String|Object} One of the following:\n//   - {username: (username)}\n//   - {email: (email)}\n//   - a string which may be a username or email, depending on whether\n//     it contains \"@\".\n// @param password {String}\n// @param callback {Function(error|undefined)}\n\n/**\n * @summary Log the user in with a password.\n * @locus Client\n * @param {Object | String} user\n *   Either a string interpreted as a username or an email; or an object with a\n *   single key: `email`, `username` or `id`. Username or email match in a case\n *   insensitive manner.\n * @param {String} password The user's password.\n * @param {Function} [callback] Optional callback.\n *   Called with no arguments on success, or with a single `Error` argument\n *   on failure.\n * @importFromPackage meteor\n */\nMeteor.loginWithPassword = function (selector, password, callback) {\n  if (typeof selector === 'string')\n    if (selector.indexOf('@') === -1)\n      selector = {username: selector};\n    else\n      selector = {email: selector};\n\n  Accounts.callLoginMethod({\n    methodArguments: [{\n      user: selector,\n      password: Accounts._hashPassword(password)\n    }],\n    userCallback: function (error, result) {\n      if (error && error.error === 400 &&\n          error.reason === 'old password format') {\n        // The \"reason\" string should match the error thrown in the\n        // password login handler in password_server.js.\n\n        // XXX COMPAT WITH 0.8.1.3\n        // If this user's last login was with a previous version of\n        // Meteor that used SRP, then the server throws this error to\n        // indicate that we should try again. The error includes the\n        // user's SRP identity. We provide a value derived from the\n        // identity and the password to prove to the server that we know\n        // the password without requiring a full SRP flow, as well as\n        // SHA256(password), which the server bcrypts and stores in\n        // place of the old SRP information for this user.\n        srpUpgradePath({\n          upgradeError: error,\n          userSelector: selector,\n          plaintextPassword: password\n        }, callback);\n      }\n      else if (error) {\n        callback && callback(error);\n      } else {\n        callback && callback();\n      }\n    }\n  });\n};\n\nAccounts._hashPassword = function (password) {\n  return {\n    digest: SHA256(password),\n    algorithm: \"sha-256\"\n  };\n};\n\n// XXX COMPAT WITH 0.8.1.3\n// The server requested an upgrade from the old SRP password format,\n// so supply the needed SRP identity to login. Options:\n//   - upgradeError: the error object that the server returned to tell\n//     us to upgrade from SRP to bcrypt.\n//   - userSelector: selector to retrieve the user object\n//   - plaintextPassword: the password as a string\nvar srpUpgradePath = function (options, callback) {\n  var details;\n  try {\n    details = EJSON.parse(options.upgradeError.details);\n  } catch (e) {}\n  if (!(details && details.format === 'srp')) {\n    callback && callback(\n      new Meteor.Error(400, \"Password is old. Please reset your \" +\n                       \"password.\"));\n  } else {\n    Accounts.callLoginMethod({\n      methodArguments: [{\n        user: options.userSelector,\n        srp: SHA256(details.identity + \":\" + options.plaintextPassword),\n        password: Accounts._hashPassword(options.plaintextPassword)\n      }],\n      userCallback: callback\n    });\n  }\n};\n\n\n// Attempt to log in as a new user.\n\n/**\n * @summary Create a new user.\n * @locus Anywhere\n * @param {Object} options\n * @param {String} options.username A unique name for this user.\n * @param {String} options.email The user's email address.\n * @param {String} options.password The user's password. This is __not__ sent in plain text over the wire.\n * @param {Object} options.profile The user's profile, typically including the `name` field.\n * @param {Function} [callback] Client only, optional callback. Called with no arguments on success, or with a single `Error` argument on failure.\n * @importFromPackage accounts-base\n */\nAccounts.createUser = function (options, callback) {\n  options = _.clone(options); // we'll be modifying options\n\n  if (typeof options.password !== 'string')\n    throw new Error(\"options.password must be a string\");\n  if (!options.password) {\n    callback(new Meteor.Error(400, \"Password may not be empty\"));\n    return;\n  }\n\n  // Replace password with the hashed password.\n  options.password = Accounts._hashPassword(options.password);\n\n  Accounts.callLoginMethod({\n    methodName: 'createUser',\n    methodArguments: [options],\n    userCallback: callback\n  });\n};\n\n// Change password. Must be logged in.\n//\n// @param oldPassword {String|null} By default servers no longer allow\n//   changing password without the old password, but they could so we\n//   support passing no password to the server and letting it decide.\n// @param newPassword {String}\n// @param callback {Function(error|undefined)}\n\n/**\n * @summary Change the current user's password. Must be logged in.\n * @locus Client\n * @param {String} oldPassword The user's current password. This is __not__ sent in plain text over the wire.\n * @param {String} newPassword A new password for the user. This is __not__ sent in plain text over the wire.\n * @param {Function} [callback] Optional callback. Called with no arguments on success, or with a single `Error` argument on failure.\n * @importFromPackage accounts-base\n */\nAccounts.changePassword = function (oldPassword, newPassword, callback) {\n  if (!Meteor.user()) {\n    callback && callback(new Error(\"Must be logged in to change password.\"));\n    return;\n  }\n\n  check(newPassword, String);\n  if (!newPassword) {\n    callback(new Meteor.Error(400, \"Password may not be empty\"));\n    return;\n  }\n\n  Accounts.connection.apply(\n    'changePassword',\n    [oldPassword ? Accounts._hashPassword(oldPassword) : null,\n     Accounts._hashPassword(newPassword)],\n    function (error, result) {\n      if (error || !result) {\n        if (error && error.error === 400 &&\n            error.reason === 'old password format') {\n          // XXX COMPAT WITH 0.8.1.3\n          // The server is telling us to upgrade from SRP to bcrypt, as\n          // in Meteor.loginWithPassword.\n          srpUpgradePath({\n            upgradeError: error,\n            userSelector: { id: Meteor.userId() },\n            plaintextPassword: oldPassword\n          }, function (err) {\n            if (err) {\n              callback && callback(err);\n            } else {\n              // Now that we've successfully migrated from srp to\n              // bcrypt, try changing the password again.\n              Accounts.changePassword(oldPassword, newPassword, callback);\n            }\n          });\n        } else {\n          // A normal error, not an error telling us to upgrade to bcrypt\n          callback && callback(\n            error || new Error(\"No result from changePassword.\"));\n        }\n      } else {\n        callback && callback();\n      }\n    }\n  );\n};\n\n// Sends an email to a user with a link that can be used to reset\n// their password\n//\n// @param options {Object}\n//   - email: (email)\n// @param callback (optional) {Function(error|undefined)}\n\n/**\n * @summary Request a forgot password email.\n * @locus Client\n * @param {Object} options\n * @param {String} options.email The email address to send a password reset link.\n * @param {Function} [callback] Optional callback. Called with no arguments on success, or with a single `Error` argument on failure.\n * @importFromPackage accounts-base\n */\nAccounts.forgotPassword = function(options, callback) {\n  if (!options.email)\n    throw new Error(\"Must pass options.email\");\n  Accounts.connection.call(\"forgotPassword\", options, callback);\n};\n\n// Resets a password based on a token originally created by\n// Accounts.forgotPassword, and then logs in the matching user.\n//\n// @param token {String}\n// @param newPassword {String}\n// @param callback (optional) {Function(error|undefined)}\n\n/**\n * @summary Reset the password for a user using a token received in email. Logs the user in afterwards.\n * @locus Client\n * @param {String} token The token retrieved from the reset password URL.\n * @param {String} newPassword A new password for the user. This is __not__ sent in plain text over the wire.\n * @param {Function} [callback] Optional callback. Called with no arguments on success, or with a single `Error` argument on failure.\n * @importFromPackage accounts-base\n */\nAccounts.resetPassword = function(token, newPassword, callback) {\n  check(token, String);\n  check(newPassword, String);\n\n  if (!newPassword) {\n    callback(new Meteor.Error(400, \"Password may not be empty\"));\n    return;\n  }\n\n  Accounts.callLoginMethod({\n    methodName: 'resetPassword',\n    methodArguments: [token, Accounts._hashPassword(newPassword)],\n    userCallback: callback});\n};\n\n// Verifies a user's email address based on a token originally\n// created by Accounts.sendVerificationEmail\n//\n// @param token {String}\n// @param callback (optional) {Function(error|undefined)}\n\n/**\n * @summary Marks the user's email address as verified. Logs the user in afterwards.\n * @locus Client\n * @param {String} token The token retrieved from the verification URL.\n * @param {Function} [callback] Optional callback. Called with no arguments on success, or with a single `Error` argument on failure.\n * @importFromPackage accounts-base\n */\nAccounts.verifyEmail = function(token, callback) {\n  if (!token)\n    throw new Error(\"Need to pass token\");\n\n  Accounts.callLoginMethod({\n    methodName: 'verifyEmail',\n    methodArguments: [token],\n    userCallback: callback});\n};\n"]},"hash":"3666e941a3a928b5e2352800166e183ee48f1a45"}
