{"metadata":{"usedHelpers":[],"marked":[],"modules":{"imports":[{"source":"meteor/meteor","imported":["Meteor"],"specifiers":[{"kind":"named","imported":"Meteor","local":"Meteor"}]}],"exports":{"exported":[],"specifiers":[]}}},"options":{"filename":"/server/main.js","filenameRelative":"/server/main.js","env":{},"retainLines":false,"highlightCode":true,"suppressDeprecationMessages":false,"presets":[],"plugins":[[[],null],[[],null],[[],null],[[],null],[[],null],[[],null],[[],null],[[],{"polyfill":false}],[[],null],[[],null],[[],null],[[],null],[[],null],[[],null],[[],null],[[],null],[[],{"loose":true}],[[],{"loose":true}],[[],null],[[],{"loose":true}],[[],null],[[],null],[[],{"allowTopLevelThis":true,"strict":false,"loose":true}],[[],null],[[],null],[[],null],[[],null],[[],null],[[],{"loose":true}],[[],null],[[],null],[[],null],[[],null],[[],null],[[],null],[[],null],[[],null]],"ignore":[],"code":true,"metadata":true,"ast":false,"comments":true,"compact":false,"minified":false,"sourceMap":true,"sourceMaps":true,"sourceMapTarget":"/server/main.js.map","sourceFileName":"/server/main.js","babelrc":false,"sourceType":"module","moduleIds":false,"passPerPreset":false,"basename":"main"},"ignored":false,"code":"var _meteor = require('meteor/meteor');\n\nTasks = new Mongo.Collection('tasks');\n\n_meteor.Meteor.startup(function () {\n  // code to run on server at startup\n\n  _meteor.Meteor.methods({\n    'tasks.insert': function () {\n      function tasksInsert(text) {\n        check(text, String);\n\n        // Make sure the user is logged in before inserting a task\n        if (!_meteor.Meteor.userId()) {\n          throw new _meteor.Meteor.Error('not-authorized');\n        }\n\n        Tasks.insert({\n          text: text,\n          createdAt: new Date(),\n          owner: _meteor.Meteor.userId(),\n          username: _meteor.Meteor.user().username\n        });\n      }\n\n      return tasksInsert;\n    }(),\n    'tasks.remove': function () {\n      function tasksRemove(taskId) {\n        check(taskId, String);\n\n        Tasks.remove(taskId);\n      }\n\n      return tasksRemove;\n    }(),\n    'tasks.setChecked': function () {\n      function tasksSetChecked(taskId, setChecked) {\n        check(taskId, String);\n        check(setChecked, Boolean);\n\n        Tasks.update(taskId, { $set: { checked: setChecked } });\n      }\n\n      return tasksSetChecked;\n    }()\n  });\n});","ast":null,"map":{"version":3,"sources":["/server/main.js"],"names":[],"mappings":"AAEA;;AAFA,QAAQ,IAAI,MAAM,UAAN,CAAiB,OAArB,CAAR;;AAIA,eAAO,OAAP,CAAe,YAAM;;;AAGnB,iBAAO,OAAP,CAAe;AACf;2BAAe,MAAM;AACnB,cAAM,IAAN,EAAY,MAAZ;;;AADmB,YAIf,CAAE,eAAO,MAAP,EAAF,EAAmB;AACrB,gBAAM,IAAI,eAAO,KAAP,CAAa,gBAAjB,CAAN,CADqB;SAAvB;;AAIA,cAAM,MAAN,CAAa;AACX,oBADW;AAEX,qBAAW,IAAI,IAAJ,EAAX;AACA,iBAAO,eAAO,MAAP,EAAP;AACA,oBAAU,eAAO,IAAP,GAAc,QAAd;SAJZ,EARmB;;;;OADN;AAgBf;2BAAe,QAAQ;AACrB,cAAM,MAAN,EAAc,MAAd,EADqB;;AAGrB,cAAM,MAAN,CAAa,MAAb,EAHqB;;;;OAhBR;AAqBf;+BAAmB,QAAQ,YAAY;AACrC,cAAM,MAAN,EAAc,MAAd,EADqC;AAErC,cAAM,UAAN,EAAkB,OAAlB,EAFqC;;AAIrC,cAAM,MAAN,CAAa,MAAb,EAAqB,EAAE,MAAM,EAAE,SAAS,UAAT,EAAR,EAAvB,EAJqC;;;;OArBxB;GAAf,EAHmB;CAAN,CAAf","file":"/server/main.js.map","sourcesContent":["Tasks =\tnew Mongo.Collection('tasks');\n\nimport { Meteor } from 'meteor/meteor';\n\nMeteor.startup(() => {\n  // code to run on server at startup\n\n  Meteor.methods({\n  'tasks.insert'(text) {\n    check(text, String);\n \n    // Make sure the user is logged in before inserting a task\n    if (! Meteor.userId()) {\n      throw new Meteor.Error('not-authorized');\n    }\n \n    Tasks.insert({\n      text,\n      createdAt: new Date(),\n      owner: Meteor.userId(),\n      username: Meteor.user().username,\n    });\n  },\n  'tasks.remove'(taskId) {\n    check(taskId, String);\n \n    Tasks.remove(taskId);\n  },\n  'tasks.setChecked'(taskId, setChecked) {\n    check(taskId, String);\n    check(setChecked, Boolean);\n \n    Tasks.update(taskId, { $set: { checked: setChecked } });\n  },\n});\n  \n});\n"]},"hash":"3c1746a51e8c55eed54917679c2f37e41f616832"}
