{"metadata":{"usedHelpers":[],"marked":[],"modules":{"imports":[{"source":"meteor/templating","imported":["Template"],"specifiers":[{"kind":"named","imported":"Template","local":"Template"}]},{"source":"./main.html","imported":[],"specifiers":[]}],"exports":{"exported":[],"specifiers":[]}}},"options":{"filename":"/client/main.js","filenameRelative":"/client/main.js","env":{},"retainLines":false,"highlightCode":true,"suppressDeprecationMessages":false,"presets":[],"plugins":[[[],null],[[],null],[[],null],[[],null],[[],null],[[],null],[[],null],[[],{"polyfill":false}],[[],null],[[],null],[[],null],[[],null],[[],null],[[],null],[[],null],[[],null],[[],{"loose":true}],[[],{"loose":true}],[[],null],[[],{"loose":true}],[[],null],[[],null],[[],{"allowTopLevelThis":true,"strict":false,"loose":true}],[[],null],[[],null],[[],null],[[],null],[[],null],[[],{"loose":true}],[[],null],[[],null],[[],null],[[],null],[[],null],[[],null],[[],null],[[],null]],"ignore":[],"code":true,"metadata":true,"ast":false,"comments":true,"compact":false,"minified":false,"sourceMap":true,"sourceMaps":true,"sourceMapTarget":"/client/main.js.map","sourceFileName":"/client/main.js","babelrc":false,"sourceType":"module","moduleIds":false,"passPerPreset":false,"basename":"main"},"ignored":false,"code":"var _templating = require('meteor/templating');\n\nrequire('./main.html');\n\nTasks = new Mongo.Collection('tasks');\n\n_templating.Template.body.helpers({\n  tasks: function () {\n    function tasks() {\n      return Tasks.find({});\n    }\n\n    return tasks;\n  }()\n});","ast":null,"map":{"version":3,"sources":["/client/main.js"],"names":[],"mappings":"AAEA;;AAEA;;AAJA,QAAQ,IAAI,MAAM,UAAN,CAAiB,OAArB,CAAR;;AAMA,qBAAS,IAAT,CAAc,OAAd,CAAsB;AACpB;qBAAQ;AACP,aAAO,MAAM,IAAN,CAAW,EAAX,CAAP,CADO;;;;KADY;CAAtB","file":"/client/main.js.map","sourcesContent":["Tasks =\tnew Mongo.Collection('tasks');\n\nimport { Template } from 'meteor/templating';\n\nimport './main.html';\n\nTemplate.body.helpers({\n  tasks() {\n  \treturn Tasks.find({});\n  },\n});\n"]},"hash":"585d86cdabc2bdffe0e248ff3c8733728e34938d"}
