{"metadata":{"usedHelpers":["typeof","interopRequireDefault"],"marked":[],"modules":{"imports":[],"exports":{"exported":[],"specifiers":[]}}},"options":{"filename":"/packages/accounts-password/password_server.js","filenameRelative":"/packages/accounts-password/password_server.js","env":{},"retainLines":false,"highlightCode":true,"suppressDeprecationMessages":false,"presets":[],"plugins":[[[],null],[[],null],[[],null],[[],null],[[],null],[[],null],[[],null],[[],{"polyfill":false}],[[],null],[[],null],[[],null],[[],null],[[],null],[[],null],[[],null],[[],null],[[],{"loose":true}],[[],{"loose":true}],[[],null],[[],{"loose":true}],[[],null],[[],null],[[],{"allowTopLevelThis":true,"strict":false,"loose":true}],[[],null],[[],null],[[],null],[[],null],[[],null],[[],{"loose":true}],[[],null],[[],null],[[],null],[[],null],[[],null],[[],null],[[],null],[[],null]],"ignore":[],"code":true,"metadata":true,"ast":false,"comments":true,"compact":false,"minified":false,"sourceMap":true,"sourceMaps":true,"sourceMapTarget":"/packages/accounts-password/password_server.js.map","sourceFileName":"/packages/accounts-password/password_server.js","babelrc":false,"sourceType":"module","moduleIds":false,"passPerPreset":false,"basename":"password_server"},"ignored":false,"code":"var _typeof2 = require(\"babel-runtime/helpers/typeof\");\n\nvar _typeof3 = _interopRequireDefault(_typeof2);\n\nfunction _interopRequireDefault(obj) { return obj && obj.__esModule ? obj : { \"default\": obj }; }\n\n/// BCRYPT\n\nvar bcrypt = NpmModuleBcrypt;\nvar bcryptHash = Meteor.wrapAsync(bcrypt.hash);\nvar bcryptCompare = Meteor.wrapAsync(bcrypt.compare);\n\n// User records have a 'services.password.bcrypt' field on them to hold\n// their hashed passwords (unless they have a 'services.password.srp'\n// field, in which case they will be upgraded to bcrypt the next time\n// they log in).\n//\n// When the client sends a password to the server, it can either be a\n// string (the plaintext password) or an object with keys 'digest' and\n// 'algorithm' (must be \"sha-256\" for now). The Meteor client always sends\n// password objects { digest: *, algorithm: \"sha-256\" }, but DDP clients\n// that don't have access to SHA can just send plaintext passwords as\n// strings.\n//\n// When the server receives a plaintext password as a string, it always\n// hashes it with SHA256 before passing it into bcrypt. When the server\n// receives a password as an object, it asserts that the algorithm is\n// \"sha-256\" and then passes the digest to bcrypt.\n\nAccounts._bcryptRounds = 10;\n\n// Given a 'password' from the client, extract the string that we should\n// bcrypt. 'password' can be one of:\n//  - String (the plaintext password)\n//  - Object with 'digest' and 'algorithm' keys. 'algorithm' must be \"sha-256\".\n//\nvar getPasswordString = function getPasswordString(password) {\n  if (typeof password === \"string\") {\n    password = SHA256(password);\n  } else {\n    // 'password' is an object\n    if (password.algorithm !== \"sha-256\") {\n      throw new Error(\"Invalid password hash algorithm. \" + \"Only 'sha-256' is allowed.\");\n    }\n    password = password.digest;\n  }\n  return password;\n};\n\n// Use bcrypt to hash the password for storage in the database.\n// `password` can be a string (in which case it will be run through\n// SHA256 before bcrypt) or an object with properties `digest` and\n// `algorithm` (in which case we bcrypt `password.digest`).\n//\nvar hashPassword = function hashPassword(password) {\n  password = getPasswordString(password);\n  return bcryptHash(password, Accounts._bcryptRounds);\n};\n\n// Check whether the provided password matches the bcrypt'ed password in\n// the database user record. `password` can be a string (in which case\n// it will be run through SHA256 before bcrypt) or an object with\n// properties `digest` and `algorithm` (in which case we bcrypt\n// `password.digest`).\n//\nAccounts._checkPassword = function (user, password) {\n  var result = {\n    userId: user._id\n  };\n\n  password = getPasswordString(password);\n\n  if (!bcryptCompare(password, user.services.password.bcrypt)) {\n    result.error = new Meteor.Error(403, \"Incorrect password\");\n  }\n\n  return result;\n};\nvar checkPassword = Accounts._checkPassword;\n\n///\n/// LOGIN\n///\n\nAccounts._findUserByQuery = function (query) {\n  var user = null;\n\n  if (query.id) {\n    user = Meteor.users.findOne({ _id: query.id });\n  } else {\n    var fieldName;\n    var fieldValue;\n    if (query.username) {\n      fieldName = 'username';\n      fieldValue = query.username;\n    } else if (query.email) {\n      fieldName = 'emails.address';\n      fieldValue = query.email;\n    } else {\n      throw new Error(\"shouldn't happen (validation missed something)\");\n    }\n    var selector = {};\n    selector[fieldName] = fieldValue;\n    user = Meteor.users.findOne(selector);\n    // If user is not found, try a case insensitive lookup\n    if (!user) {\n      selector = selectorForFastCaseInsensitiveLookup(fieldName, fieldValue);\n      var candidateUsers = Meteor.users.find(selector).fetch();\n      // No match if multiple candidates are found\n      if (candidateUsers.length === 1) {\n        user = candidateUsers[0];\n      }\n    }\n  }\n\n  return user;\n};\n\n/**\n * @summary Finds the user with the specified username.\n * First tries to match username case sensitively; if that fails, it\n * tries case insensitively; but if more than one user matches the case\n * insensitive search, it returns null.\n * @locus Server\n * @param {String} username The username to look for\n * @returns {Object} A user if found, else null\n * @importFromPackage accounts-base\n */\nAccounts.findUserByUsername = function (username) {\n  return Accounts._findUserByQuery({\n    username: username\n  });\n};\n\n/**\n * @summary Finds the user with the specified email.\n * First tries to match email case sensitively; if that fails, it\n * tries case insensitively; but if more than one user matches the case\n * insensitive search, it returns null.\n * @locus Server\n * @param {String} email The email address to look for\n * @returns {Object} A user if found, else null\n * @importFromPackage accounts-base\n */\nAccounts.findUserByEmail = function (email) {\n  return Accounts._findUserByQuery({\n    email: email\n  });\n};\n\n// Generates a MongoDB selector that can be used to perform a fast case\n// insensitive lookup for the given fieldName and string. Since MongoDB does\n// not support case insensitive indexes, and case insensitive regex queries\n// are slow, we construct a set of prefix selectors for all permutations of\n// the first 4 characters ourselves. We first attempt to matching against\n// these, and because 'prefix expression' regex queries do use indexes (see\n// http://docs.mongodb.org/v2.6/reference/operator/query/regex/#index-use),\n// this has been found to greatly improve performance (from 1200ms to 5ms in a\n// test with 1.000.000 users).\nvar selectorForFastCaseInsensitiveLookup = function selectorForFastCaseInsensitiveLookup(fieldName, string) {\n  // Performance seems to improve up to 4 prefix characters\n  var prefix = string.substring(0, Math.min(string.length, 4));\n  var orClause = _.map(generateCasePermutationsForString(prefix), function (prefixPermutation) {\n    var selector = {};\n    selector[fieldName] = new RegExp('^' + Meteor._escapeRegExp(prefixPermutation));\n    return selector;\n  });\n  var caseInsensitiveClause = {};\n  caseInsensitiveClause[fieldName] = new RegExp('^' + Meteor._escapeRegExp(string) + '$', 'i');\n  return { $and: [{ $or: orClause }, caseInsensitiveClause] };\n};\n\n// Generates permutations of all case variations of a given string.\nvar generateCasePermutationsForString = function generateCasePermutationsForString(string) {\n  var permutations = [''];\n  for (var i = 0; i < string.length; i++) {\n    var ch = string.charAt(i);\n    permutations = _.flatten(_.map(permutations, function (prefix) {\n      var lowerCaseChar = ch.toLowerCase();\n      var upperCaseChar = ch.toUpperCase();\n      // Don't add unneccesary permutations when ch is not a letter\n      if (lowerCaseChar === upperCaseChar) {\n        return [prefix + ch];\n      } else {\n        return [prefix + lowerCaseChar, prefix + upperCaseChar];\n      }\n    }));\n  }\n  return permutations;\n};\n\nvar checkForCaseInsensitiveDuplicates = function checkForCaseInsensitiveDuplicates(fieldName, displayName, fieldValue, ownUserId) {\n  // Some tests need the ability to add users with the same case insensitive\n  // value, hence the _skipCaseInsensitiveChecksForTest check\n  var skipCheck = _.has(Accounts._skipCaseInsensitiveChecksForTest, fieldValue);\n\n  if (fieldValue && !skipCheck) {\n    var matchedUsers = Meteor.users.find(selectorForFastCaseInsensitiveLookup(fieldName, fieldValue)).fetch();\n\n    if (matchedUsers.length > 0 && (\n    // If we don't have a userId yet, any match we find is a duplicate\n    !ownUserId ||\n    // Otherwise, check to see if there are multiple matches or a match\n    // that is not us\n    matchedUsers.length > 1 || matchedUsers[0]._id !== ownUserId)) {\n      throw new Meteor.Error(403, displayName + \" already exists.\");\n    }\n  }\n};\n\n// XXX maybe this belongs in the check package\nvar NonEmptyString = Match.Where(function (x) {\n  check(x, String);\n  return x.length > 0;\n});\n\nvar userQueryValidator = Match.Where(function (user) {\n  check(user, {\n    id: Match.Optional(NonEmptyString),\n    username: Match.Optional(NonEmptyString),\n    email: Match.Optional(NonEmptyString)\n  });\n  if (_.keys(user).length !== 1) throw new Match.Error(\"User property must have exactly one field\");\n  return true;\n});\n\nvar passwordValidator = Match.OneOf(String, { digest: String, algorithm: String });\n\n// Handler to login with a password.\n//\n// The Meteor client sets options.password to an object with keys\n// 'digest' (set to SHA256(password)) and 'algorithm' (\"sha-256\").\n//\n// For other DDP clients which don't have access to SHA, the handler\n// also accepts the plaintext password in options.password as a string.\n//\n// (It might be nice if servers could turn the plaintext password\n// option off. Or maybe it should be opt-in, not opt-out?\n// Accounts.config option?)\n//\n// Note that neither password option is secure without SSL.\n//\nAccounts.registerLoginHandler(\"password\", function (options) {\n  if (!options.password || options.srp) return undefined; // don't handle\n\n  check(options, {\n    user: userQueryValidator,\n    password: passwordValidator\n  });\n\n  var user = Accounts._findUserByQuery(options.user);\n  if (!user) throw new Meteor.Error(403, \"User not found\");\n\n  if (!user.services || !user.services.password || !(user.services.password.bcrypt || user.services.password.srp)) throw new Meteor.Error(403, \"User has no password set\");\n\n  if (!user.services.password.bcrypt) {\n    if (typeof options.password === \"string\") {\n      // The client has presented a plaintext password, and the user is\n      // not upgraded to bcrypt yet. We don't attempt to tell the client\n      // to upgrade to bcrypt, because it might be a standalone DDP\n      // client doesn't know how to do such a thing.\n      var verifier = user.services.password.srp;\n      var newVerifier = SRP.generateVerifier(options.password, {\n        identity: verifier.identity, salt: verifier.salt });\n\n      if (verifier.verifier !== newVerifier.verifier) {\n        return {\n          userId: user._id,\n          error: new Meteor.Error(403, \"Incorrect password\")\n        };\n      }\n\n      return { userId: user._id };\n    } else {\n      // Tell the client to use the SRP upgrade process.\n      throw new Meteor.Error(400, \"old password format\", EJSON.stringify({\n        format: 'srp',\n        identity: user.services.password.srp.identity\n      }));\n    }\n  }\n\n  return checkPassword(user, options.password);\n});\n\n// Handler to login using the SRP upgrade path. To use this login\n// handler, the client must provide:\n//   - srp: H(identity + \":\" + password)\n//   - password: a string or an object with properties 'digest' and 'algorithm'\n//\n// We use `options.srp` to verify that the client knows the correct\n// password without doing a full SRP flow. Once we've checked that, we\n// upgrade the user to bcrypt and remove the SRP information from the\n// user document.\n//\n// The client ends up using this login handler after trying the normal\n// login handler (above), which throws an error telling the client to\n// try the SRP upgrade path.\n//\n// XXX COMPAT WITH 0.8.1.3\nAccounts.registerLoginHandler(\"password\", function (options) {\n  if (!options.srp || !options.password) return undefined; // don't handle\n\n  check(options, {\n    user: userQueryValidator,\n    srp: String,\n    password: passwordValidator\n  });\n\n  var user = Accounts._findUserByQuery(options.user);\n  if (!user) throw new Meteor.Error(403, \"User not found\");\n\n  // Check to see if another simultaneous login has already upgraded\n  // the user record to bcrypt.\n  if (user.services && user.services.password && user.services.password.bcrypt) return checkPassword(user, options.password);\n\n  if (!(user.services && user.services.password && user.services.password.srp)) throw new Meteor.Error(403, \"User has no password set\");\n\n  var v1 = user.services.password.srp.verifier;\n  var v2 = SRP.generateVerifier(null, {\n    hashedIdentityAndPassword: options.srp,\n    salt: user.services.password.srp.salt\n  }).verifier;\n  if (v1 !== v2) return {\n    userId: user._id,\n    error: new Meteor.Error(403, \"Incorrect password\")\n  };\n\n  // Upgrade to bcrypt on successful login.\n  var salted = hashPassword(options.password);\n  Meteor.users.update(user._id, {\n    $unset: { 'services.password.srp': 1 },\n    $set: { 'services.password.bcrypt': salted }\n  });\n\n  return { userId: user._id };\n});\n\n///\n/// CHANGING\n///\n\n/**\n * @summary Change a user's username. Use this instead of updating the\n * database directly. The operation will fail if there is an existing user\n * with a username only differing in case.\n * @locus Server\n * @param {String} userId The ID of the user to update.\n * @param {String} newUsername A new username for the user.\n * @importFromPackage accounts-base\n */\nAccounts.setUsername = function (userId, newUsername) {\n  check(userId, NonEmptyString);\n  check(newUsername, NonEmptyString);\n\n  var user = Meteor.users.findOne(userId);\n  if (!user) throw new Meteor.Error(403, \"User not found\");\n\n  var oldUsername = user.username;\n\n  // Perform a case insensitive check fro duplicates before update\n  checkForCaseInsensitiveDuplicates('username', 'Username', newUsername, user._id);\n\n  Meteor.users.update({ _id: user._id }, { $set: { username: newUsername } });\n\n  // Perform another check after update, in case a matching user has been\n  // inserted in the meantime\n  try {\n    checkForCaseInsensitiveDuplicates('username', 'Username', newUsername, user._id);\n  } catch (ex) {\n    // Undo update if the check fails\n    Meteor.users.update({ _id: user._id }, { $set: { username: oldUsername } });\n    throw ex;\n  }\n};\n\n// Let the user change their own password if they know the old\n// password. `oldPassword` and `newPassword` should be objects with keys\n// `digest` and `algorithm` (representing the SHA256 of the password).\n//\n// XXX COMPAT WITH 0.8.1.3\n// Like the login method, if the user hasn't been upgraded from SRP to\n// bcrypt yet, then this method will throw an 'old password format'\n// error. The client should call the SRP upgrade login handler and then\n// retry this method again.\n//\n// UNLIKE the login method, there is no way to avoid getting SRP upgrade\n// errors thrown. The reasoning for this is that clients using this\n// method directly will need to be updated anyway because we no longer\n// support the SRP flow that they would have been doing to use this\n// method previously.\nMeteor.methods({ changePassword: function () {\n    function changePassword(oldPassword, newPassword) {\n      check(oldPassword, passwordValidator);\n      check(newPassword, passwordValidator);\n\n      if (!this.userId) throw new Meteor.Error(401, \"Must be logged in\");\n\n      var user = Meteor.users.findOne(this.userId);\n      if (!user) throw new Meteor.Error(403, \"User not found\");\n\n      if (!user.services || !user.services.password || !user.services.password.bcrypt && !user.services.password.srp) throw new Meteor.Error(403, \"User has no password set\");\n\n      if (!user.services.password.bcrypt) {\n        throw new Meteor.Error(400, \"old password format\", EJSON.stringify({\n          format: 'srp',\n          identity: user.services.password.srp.identity\n        }));\n      }\n\n      var result = checkPassword(user, oldPassword);\n      if (result.error) throw result.error;\n\n      var hashed = hashPassword(newPassword);\n\n      // It would be better if this removed ALL existing tokens and replaced\n      // the token for the current connection with a new one, but that would\n      // be tricky, so we'll settle for just replacing all tokens other than\n      // the one for the current connection.\n      var currentToken = Accounts._getLoginToken(this.connection.id);\n      Meteor.users.update({ _id: this.userId }, {\n        $set: { 'services.password.bcrypt': hashed },\n        $pull: {\n          'services.resume.loginTokens': { hashedToken: { $ne: currentToken } }\n        },\n        $unset: { 'services.password.reset': 1 }\n      });\n\n      return { passwordChanged: true };\n    }\n\n    return changePassword;\n  }() });\n\n// Force change the users password.\n\n/**\n * @summary Forcibly change the password for a user.\n * @locus Server\n * @param {String} userId The id of the user to update.\n * @param {String} newPassword A new password for the user.\n * @param {Object} [options]\n * @param {Object} options.logout Logout all current connections with this userId (default: true)\n * @importFromPackage accounts-base\n */\nAccounts.setPassword = function (userId, newPlaintextPassword, options) {\n  options = _.extend({ logout: true }, options);\n\n  var user = Meteor.users.findOne(userId);\n  if (!user) throw new Meteor.Error(403, \"User not found\");\n\n  var update = {\n    $unset: {\n      'services.password.srp': 1, // XXX COMPAT WITH 0.8.1.3\n      'services.password.reset': 1\n    },\n    $set: { 'services.password.bcrypt': hashPassword(newPlaintextPassword) }\n  };\n\n  if (options.logout) {\n    update.$unset['services.resume.loginTokens'] = 1;\n  }\n\n  Meteor.users.update({ _id: user._id }, update);\n};\n\n///\n/// RESETTING VIA EMAIL\n///\n\n// Method called by a user to request a password reset email. This is\n// the start of the reset process.\nMeteor.methods({ forgotPassword: function () {\n    function forgotPassword(options) {\n      check(options, { email: String });\n\n      var user = Accounts.findUserByEmail(options.email);\n      if (!user) throw new Meteor.Error(403, \"User not found\");\n\n      var emails = _.pluck(user.emails || [], 'address');\n      var caseSensitiveEmail = _.find(emails, function (email) {\n        return email.toLowerCase() === options.email.toLowerCase();\n      });\n\n      Accounts.sendResetPasswordEmail(user._id, caseSensitiveEmail);\n    }\n\n    return forgotPassword;\n  }() });\n\n// send the user an email with a link that when opened allows the user\n// to set a new password, without the old password.\n\n/**\n * @summary Send an email with a link the user can use to reset their password.\n * @locus Server\n * @param {String} userId The id of the user to send email to.\n * @param {String} [email] Optional. Which address of the user's to send the email to. This address must be in the user's `emails` list. Defaults to the first email in the list.\n * @importFromPackage accounts-base\n */\nAccounts.sendResetPasswordEmail = function (userId, email) {\n  // Make sure the user exists, and email is one of their addresses.\n  var user = Meteor.users.findOne(userId);\n  if (!user) throw new Error(\"Can't find user\");\n  // pick the first email if we weren't passed an email.\n  if (!email && user.emails && user.emails[0]) email = user.emails[0].address;\n  // make sure we have a valid email\n  if (!email || !_.contains(_.pluck(user.emails || [], 'address'), email)) throw new Error(\"No such email for user.\");\n\n  var token = Random.secret();\n  var when = new Date();\n  var tokenRecord = {\n    token: token,\n    email: email,\n    when: when\n  };\n  Meteor.users.update(userId, { $set: {\n      \"services.password.reset\": tokenRecord\n    } });\n  // before passing to template, update user object with new token\n  Meteor._ensure(user, 'services', 'password').reset = tokenRecord;\n\n  var resetPasswordUrl = Accounts.urls.resetPassword(token);\n\n  var options = {\n    to: email,\n    from: Accounts.emailTemplates.resetPassword.from ? Accounts.emailTemplates.resetPassword.from(user) : Accounts.emailTemplates.from,\n    subject: Accounts.emailTemplates.resetPassword.subject(user)\n  };\n\n  if (typeof Accounts.emailTemplates.resetPassword.text === 'function') {\n    options.text = Accounts.emailTemplates.resetPassword.text(user, resetPasswordUrl);\n  }\n\n  if (typeof Accounts.emailTemplates.resetPassword.html === 'function') options.html = Accounts.emailTemplates.resetPassword.html(user, resetPasswordUrl);\n\n  if ((0, _typeof3[\"default\"])(Accounts.emailTemplates.headers) === 'object') {\n    options.headers = Accounts.emailTemplates.headers;\n  }\n\n  Email.send(options);\n};\n\n// send the user an email informing them that their account was created, with\n// a link that when opened both marks their email as verified and forces them\n// to choose their password. The email must be one of the addresses in the\n// user's emails field, or undefined to pick the first email automatically.\n//\n// This is not called automatically. It must be called manually if you\n// want to use enrollment emails.\n\n/**\n * @summary Send an email with a link the user can use to set their initial password.\n * @locus Server\n * @param {String} userId The id of the user to send email to.\n * @param {String} [email] Optional. Which address of the user's to send the email to. This address must be in the user's `emails` list. Defaults to the first email in the list.\n * @importFromPackage accounts-base\n */\nAccounts.sendEnrollmentEmail = function (userId, email) {\n  // XXX refactor! This is basically identical to sendResetPasswordEmail.\n\n  // Make sure the user exists, and email is in their addresses.\n  var user = Meteor.users.findOne(userId);\n  if (!user) throw new Error(\"Can't find user\");\n  // pick the first email if we weren't passed an email.\n  if (!email && user.emails && user.emails[0]) email = user.emails[0].address;\n  // make sure we have a valid email\n  if (!email || !_.contains(_.pluck(user.emails || [], 'address'), email)) throw new Error(\"No such email for user.\");\n\n  var token = Random.secret();\n  var when = new Date();\n  var tokenRecord = {\n    token: token,\n    email: email,\n    when: when\n  };\n  Meteor.users.update(userId, { $set: {\n      \"services.password.reset\": tokenRecord\n    } });\n\n  // before passing to template, update user object with new token\n  Meteor._ensure(user, 'services', 'password').reset = tokenRecord;\n\n  var enrollAccountUrl = Accounts.urls.enrollAccount(token);\n\n  var options = {\n    to: email,\n    from: Accounts.emailTemplates.enrollAccount.from ? Accounts.emailTemplates.enrollAccount.from(user) : Accounts.emailTemplates.from,\n    subject: Accounts.emailTemplates.enrollAccount.subject(user)\n  };\n\n  if (typeof Accounts.emailTemplates.enrollAccount.text === 'function') {\n    options.text = Accounts.emailTemplates.enrollAccount.text(user, enrollAccountUrl);\n  }\n\n  if (typeof Accounts.emailTemplates.enrollAccount.html === 'function') options.html = Accounts.emailTemplates.enrollAccount.html(user, enrollAccountUrl);\n\n  if ((0, _typeof3[\"default\"])(Accounts.emailTemplates.headers) === 'object') {\n    options.headers = Accounts.emailTemplates.headers;\n  }\n\n  Email.send(options);\n};\n\n// Take token from sendResetPasswordEmail or sendEnrollmentEmail, change\n// the users password, and log them in.\nMeteor.methods({ resetPassword: function () {\n    function resetPassword(token, newPassword) {\n      var self = this;\n      return Accounts._loginMethod(self, \"resetPassword\", arguments, \"password\", function () {\n        check(token, String);\n        check(newPassword, passwordValidator);\n\n        var user = Meteor.users.findOne({\n          \"services.password.reset.token\": token });\n        if (!user) throw new Meteor.Error(403, \"Token expired\");\n        var email = user.services.password.reset.email;\n        if (!_.include(_.pluck(user.emails || [], 'address'), email)) return {\n          userId: user._id,\n          error: new Meteor.Error(403, \"Token has invalid email address\")\n        };\n\n        var hashed = hashPassword(newPassword);\n\n        // NOTE: We're about to invalidate tokens on the user, who we might be\n        // logged in as. Make sure to avoid logging ourselves out if this\n        // happens. But also make sure not to leave the connection in a state\n        // of having a bad token set if things fail.\n        var oldToken = Accounts._getLoginToken(self.connection.id);\n        Accounts._setLoginToken(user._id, self.connection, null);\n        var resetToOldToken = function () {\n          function resetToOldToken() {\n            Accounts._setLoginToken(user._id, self.connection, oldToken);\n          }\n\n          return resetToOldToken;\n        }();\n\n        try {\n          // Update the user record by:\n          // - Changing the password to the new one\n          // - Forgetting about the reset token that was just used\n          // - Verifying their email, since they got the password reset via email.\n          var affectedRecords = Meteor.users.update({\n            _id: user._id,\n            'emails.address': email,\n            'services.password.reset.token': token\n          }, { $set: { 'services.password.bcrypt': hashed,\n              'emails.$.verified': true },\n            $unset: { 'services.password.reset': 1,\n              'services.password.srp': 1 } });\n          if (affectedRecords !== 1) return {\n            userId: user._id,\n            error: new Meteor.Error(403, \"Invalid email\")\n          };\n        } catch (err) {\n          resetToOldToken();\n          throw err;\n        }\n\n        // Replace all valid login tokens with new ones (changing\n        // password should invalidate existing sessions).\n        Accounts._clearAllLoginTokens(user._id);\n\n        return { userId: user._id };\n      });\n    }\n\n    return resetPassword;\n  }() });\n\n///\n/// EMAIL VERIFICATION\n///\n\n// send the user an email with a link that when opened marks that\n// address as verified\n\n/**\n * @summary Send an email with a link the user can use verify their email address.\n * @locus Server\n * @param {String} userId The id of the user to send email to.\n * @param {String} [email] Optional. Which address of the user's to send the email to. This address must be in the user's `emails` list. Defaults to the first unverified email in the list.\n * @importFromPackage accounts-base\n */\nAccounts.sendVerificationEmail = function (userId, address) {\n  // XXX Also generate a link using which someone can delete this\n  // account if they own said address but weren't those who created\n  // this account.\n\n  // Make sure the user exists, and address is one of their addresses.\n  var user = Meteor.users.findOne(userId);\n  if (!user) throw new Error(\"Can't find user\");\n  // pick the first unverified address if we weren't passed an address.\n  if (!address) {\n    var email = _.find(user.emails || [], function (e) {\n      return !e.verified;\n    });\n    address = (email || {}).address;\n\n    if (!address) {\n      throw new Error(\"That user has no unverified email addresses.\");\n    }\n  }\n  // make sure we have a valid address\n  if (!address || !_.contains(_.pluck(user.emails || [], 'address'), address)) throw new Error(\"No such email address for user.\");\n\n  var tokenRecord = {\n    token: Random.secret(),\n    address: address,\n    when: new Date() };\n  Meteor.users.update({ _id: userId }, { $push: { 'services.email.verificationTokens': tokenRecord } });\n\n  // before passing to template, update user object with new token\n  Meteor._ensure(user, 'services', 'email');\n  if (!user.services.email.verificationTokens) {\n    user.services.email.verificationTokens = [];\n  }\n  user.services.email.verificationTokens.push(tokenRecord);\n\n  var verifyEmailUrl = Accounts.urls.verifyEmail(tokenRecord.token);\n\n  var options = {\n    to: address,\n    from: Accounts.emailTemplates.verifyEmail.from ? Accounts.emailTemplates.verifyEmail.from(user) : Accounts.emailTemplates.from,\n    subject: Accounts.emailTemplates.verifyEmail.subject(user)\n  };\n\n  if (typeof Accounts.emailTemplates.verifyEmail.text === 'function') {\n    options.text = Accounts.emailTemplates.verifyEmail.text(user, verifyEmailUrl);\n  }\n\n  if (typeof Accounts.emailTemplates.verifyEmail.html === 'function') options.html = Accounts.emailTemplates.verifyEmail.html(user, verifyEmailUrl);\n\n  if ((0, _typeof3[\"default\"])(Accounts.emailTemplates.headers) === 'object') {\n    options.headers = Accounts.emailTemplates.headers;\n  }\n\n  Email.send(options);\n};\n\n// Take token from sendVerificationEmail, mark the email as verified,\n// and log them in.\nMeteor.methods({ verifyEmail: function () {\n    function verifyEmail(token) {\n      var self = this;\n      return Accounts._loginMethod(self, \"verifyEmail\", arguments, \"password\", function () {\n        check(token, String);\n\n        var user = Meteor.users.findOne({ 'services.email.verificationTokens.token': token });\n        if (!user) throw new Meteor.Error(403, \"Verify email link expired\");\n\n        var tokenRecord = _.find(user.services.email.verificationTokens, function (t) {\n          return t.token == token;\n        });\n        if (!tokenRecord) return {\n          userId: user._id,\n          error: new Meteor.Error(403, \"Verify email link expired\")\n        };\n\n        var emailsRecord = _.find(user.emails, function (e) {\n          return e.address == tokenRecord.address;\n        });\n        if (!emailsRecord) return {\n          userId: user._id,\n          error: new Meteor.Error(403, \"Verify email link is for unknown address\")\n        };\n\n        // By including the address in the query, we can use 'emails.$' in the\n        // modifier to get a reference to the specific object in the emails\n        // array. See\n        // http://www.mongodb.org/display/DOCS/Updating/#Updating-The%24positionaloperator)\n        // http://www.mongodb.org/display/DOCS/Updating#Updating-%24pull\n        Meteor.users.update({ _id: user._id,\n          'emails.address': tokenRecord.address }, { $set: { 'emails.$.verified': true },\n          $pull: { 'services.email.verificationTokens': { address: tokenRecord.address } } });\n\n        return { userId: user._id };\n      });\n    }\n\n    return verifyEmail;\n  }() });\n\n/**\n * @summary Add an email address for a user. Use this instead of directly\n * updating the database. The operation will fail if there is a different user\n * with an email only differing in case. If the specified user has an existing\n * email only differing in case however, we replace it.\n * @locus Server\n * @param {String} userId The ID of the user to update.\n * @param {String} newEmail A new email address for the user.\n * @param {Boolean} [verified] Optional - whether the new email address should\n * be marked as verified. Defaults to false.\n * @importFromPackage accounts-base\n */\nAccounts.addEmail = function (userId, newEmail, verified) {\n  check(userId, NonEmptyString);\n  check(newEmail, NonEmptyString);\n  check(verified, Match.Optional(Boolean));\n\n  if (_.isUndefined(verified)) {\n    verified = false;\n  }\n\n  var user = Meteor.users.findOne(userId);\n  if (!user) throw new Meteor.Error(403, \"User not found\");\n\n  // Allow users to change their own email to a version with a different case\n\n  // We don't have to call checkForCaseInsensitiveDuplicates to do a case\n  // insensitive check across all emails in the database here because: (1) if\n  // there is no case-insensitive duplicate between this user and other users,\n  // then we are OK and (2) if this would create a conflict with other users\n  // then there would already be a case-insensitive duplicate and we can't fix\n  // that in this code anyway.\n  var caseInsensitiveRegExp = new RegExp('^' + Meteor._escapeRegExp(newEmail) + '$', 'i');\n\n  var didUpdateOwnEmail = _.any(user.emails, function (email, index) {\n    if (caseInsensitiveRegExp.test(email.address)) {\n      Meteor.users.update({\n        _id: user._id,\n        'emails.address': email.address\n      }, { $set: {\n          'emails.$.address': newEmail,\n          'emails.$.verified': verified\n        } });\n      return true;\n    }\n\n    return false;\n  });\n\n  // In the other updates below, we have to do another call to\n  // checkForCaseInsensitiveDuplicates to make sure that no conflicting values\n  // were added to the database in the meantime. We don't have to do this for\n  // the case where the user is updating their email address to one that is the\n  // same as before, but only different because of capitalization. Read the\n  // big comment above to understand why.\n\n  if (didUpdateOwnEmail) {\n    return;\n  }\n\n  // Perform a case insensitive check for duplicates before update\n  checkForCaseInsensitiveDuplicates('emails.address', 'Email', newEmail, user._id);\n\n  Meteor.users.update({\n    _id: user._id\n  }, {\n    $addToSet: {\n      emails: {\n        address: newEmail,\n        verified: verified\n      }\n    }\n  });\n\n  // Perform another check after update, in case a matching user has been\n  // inserted in the meantime\n  try {\n    checkForCaseInsensitiveDuplicates('emails.address', 'Email', newEmail, user._id);\n  } catch (ex) {\n    // Undo update if the check fails\n    Meteor.users.update({ _id: user._id }, { $pull: { emails: { address: newEmail } } });\n    throw ex;\n  }\n};\n\n/**\n * @summary Remove an email address for a user. Use this instead of updating\n * the database directly.\n * @locus Server\n * @param {String} userId The ID of the user to update.\n * @param {String} email The email address to remove.\n * @importFromPackage accounts-base\n */\nAccounts.removeEmail = function (userId, email) {\n  check(userId, NonEmptyString);\n  check(email, NonEmptyString);\n\n  var user = Meteor.users.findOne(userId);\n  if (!user) throw new Meteor.Error(403, \"User not found\");\n\n  Meteor.users.update({ _id: user._id }, { $pull: { emails: { address: email } } });\n};\n\n///\n/// CREATING USERS\n///\n\n// Shared createUser function called from the createUser method, both\n// if originates in client or server code. Calls user provided hooks,\n// does the actual user insertion.\n//\n// returns the user id\nvar _createUser = function _createUser(options) {\n  // Unknown keys allowed, because a onCreateUserHook can take arbitrary\n  // options.\n  check(options, Match.ObjectIncluding({\n    username: Match.Optional(String),\n    email: Match.Optional(String),\n    password: Match.Optional(passwordValidator)\n  }));\n\n  var username = options.username;\n  var email = options.email;\n  if (!username && !email) throw new Meteor.Error(400, \"Need to set a username or email\");\n\n  var user = { services: {} };\n  if (options.password) {\n    var hashed = hashPassword(options.password);\n    user.services.password = { bcrypt: hashed };\n  }\n\n  if (username) user.username = username;\n  if (email) user.emails = [{ address: email, verified: false }];\n\n  // Perform a case insensitive check before insert\n  checkForCaseInsensitiveDuplicates('username', 'Username', username);\n  checkForCaseInsensitiveDuplicates('emails.address', 'Email', email);\n\n  var userId = Accounts.insertUserDoc(options, user);\n  // Perform another check after insert, in case a matching user has been\n  // inserted in the meantime\n  try {\n    checkForCaseInsensitiveDuplicates('username', 'Username', username, userId);\n    checkForCaseInsensitiveDuplicates('emails.address', 'Email', email, userId);\n  } catch (ex) {\n    // Remove inserted user if the check fails\n    Meteor.users.remove(userId);\n    throw ex;\n  }\n  return userId;\n};\n\n// method for create user. Requests come from the client.\nMeteor.methods({ createUser: function () {\n    function createUser(options) {\n      var self = this;\n      return Accounts._loginMethod(self, \"createUser\", arguments, \"password\", function () {\n        // createUser() above does more checking.\n        check(options, Object);\n        if (Accounts._options.forbidClientAccountCreation) return {\n          error: new Meteor.Error(403, \"Signups forbidden\")\n        };\n\n        // Create user. result contains id and token.\n        var userId = _createUser(options);\n        // safety belt. createUser is supposed to throw on error. send 500 error\n        // instead of sending a verification email with empty userid.\n        if (!userId) throw new Error(\"createUser failed to insert new user\");\n\n        // If `Accounts._options.sendVerificationEmail` is set, register\n        // a token to verify the user's primary email, and send it to\n        // that address.\n        if (options.email && Accounts._options.sendVerificationEmail) Accounts.sendVerificationEmail(userId, options.email);\n\n        // client gets logged in as the new user afterwards.\n        return { userId: userId };\n      });\n    }\n\n    return createUser;\n  }() });\n\n// Create user directly on the server.\n//\n// Unlike the client version, this does not log you in as this user\n// after creation.\n//\n// returns userId or throws an error if it can't create\n//\n// XXX add another argument (\"server options\") that gets sent to onCreateUser,\n// which is always empty when called from the createUser method? eg, \"admin:\n// true\", which we want to prevent the client from setting, but which a custom\n// method calling Accounts.createUser could set?\n//\nAccounts.createUser = function (options, callback) {\n  options = _.clone(options);\n\n  // XXX allow an optional callback?\n  if (callback) {\n    throw new Error(\"Accounts.createUser with callback not supported on the server yet.\");\n  }\n\n  return _createUser(options);\n};\n\n///\n/// PASSWORD-SPECIFIC INDEXES ON USERS\n///\nMeteor.users._ensureIndex('services.email.verificationTokens.token', { unique: 1, sparse: 1 });\nMeteor.users._ensureIndex('services.password.reset.token', { unique: 1, sparse: 1 });","ast":null,"map":{"version":3,"sources":["/packages/accounts-password/password_server.js"],"names":[],"mappings":";;;;;;;;AAEA,IAAI,SAAS,eAAT;AACJ,IAAI,aAAa,OAAO,SAAP,CAAiB,OAAO,IAAP,CAA9B;AACJ,IAAI,gBAAgB,OAAO,SAAP,CAAiB,OAAO,OAAP,CAAjC;;;;;;;;;;;;;;;;;;;AAoBJ,SAAS,aAAT,GAAyB,EAAzB;;;;;;;AAOA,IAAI,oBAAoB,SAApB,iBAAoB,CAAU,QAAV,EAAoB;AAC1C,MAAI,OAAO,QAAP,KAAoB,QAApB,EAA8B;AAChC,eAAW,OAAO,QAAP,CAAX,CADgC;GAAlC,MAEO;;AACL,QAAI,SAAS,SAAT,KAAuB,SAAvB,EAAkC;AACpC,YAAM,IAAI,KAAJ,CAAU,sCACA,4BADA,CAAhB,CADoC;KAAtC;AAIA,eAAW,SAAS,MAAT,CALN;GAFP;AASA,SAAO,QAAP,CAV0C;CAApB;;;;;;;AAkBxB,IAAI,eAAe,SAAf,YAAe,CAAU,QAAV,EAAoB;AACrC,aAAW,kBAAkB,QAAlB,CAAX,CADqC;AAErC,SAAO,WAAW,QAAX,EAAqB,SAAS,aAAT,CAA5B,CAFqC;CAApB;;;;;;;;AAWnB,SAAS,cAAT,GAA0B,UAAU,IAAV,EAAgB,QAAhB,EAA0B;AAClD,MAAI,SAAS;AACX,YAAQ,KAAK,GAAL;GADN,CAD8C;;AAKlD,aAAW,kBAAkB,QAAlB,CAAX,CALkD;;AAOlD,MAAI,CAAE,cAAc,QAAd,EAAwB,KAAK,QAAL,CAAc,QAAd,CAAuB,MAAvB,CAA1B,EAA0D;AAC5D,WAAO,KAAP,GAAe,IAAI,OAAO,KAAP,CAAa,GAAjB,EAAsB,oBAAtB,CAAf,CAD4D;GAA9D;;AAIA,SAAO,MAAP,CAXkD;CAA1B;AAa1B,IAAI,gBAAgB,SAAS,cAAT;;;;;;AAMpB,SAAS,gBAAT,GAA4B,UAAU,KAAV,EAAiB;AAC3C,MAAI,OAAO,IAAP,CADuC;;AAG3C,MAAI,MAAM,EAAN,EAAU;AACZ,WAAO,OAAO,KAAP,CAAa,OAAb,CAAqB,EAAE,KAAK,MAAM,EAAN,EAA5B,CAAP,CADY;GAAd,MAEO;AACL,QAAI,SAAJ,CADK;AAEL,QAAI,UAAJ,CAFK;AAGL,QAAI,MAAM,QAAN,EAAgB;AAClB,kBAAY,UAAZ,CADkB;AAElB,mBAAa,MAAM,QAAN,CAFK;KAApB,MAGO,IAAI,MAAM,KAAN,EAAa;AACtB,kBAAY,gBAAZ,CADsB;AAEtB,mBAAa,MAAM,KAAN,CAFS;KAAjB,MAGA;AACL,YAAM,IAAI,KAAJ,CAAU,gDAAV,CAAN,CADK;KAHA;AAMP,QAAI,WAAW,EAAX,CAZC;AAaL,aAAS,SAAT,IAAsB,UAAtB,CAbK;AAcL,WAAO,OAAO,KAAP,CAAa,OAAb,CAAqB,QAArB,CAAP;;AAdK,QAgBD,CAAC,IAAD,EAAO;AACT,iBAAW,qCAAqC,SAArC,EAAgD,UAAhD,CAAX,CADS;AAET,UAAI,iBAAiB,OAAO,KAAP,CAAa,IAAb,CAAkB,QAAlB,EAA4B,KAA5B,EAAjB;;AAFK,UAIL,eAAe,MAAf,KAA0B,CAA1B,EAA6B;AAC/B,eAAO,eAAe,CAAf,CAAP,CAD+B;OAAjC;KAJF;GAlBF;;AA4BA,SAAO,IAAP,CA/B2C;CAAjB;;;;;;;;;;;;AA4C5B,SAAS,kBAAT,GAA8B,UAAU,QAAV,EAAoB;AAChD,SAAO,SAAS,gBAAT,CAA0B;AAC/B,cAAU,QAAV;GADK,CAAP,CADgD;CAApB;;;;;;;;;;;;AAgB9B,SAAS,eAAT,GAA2B,UAAU,KAAV,EAAiB;AAC1C,SAAO,SAAS,gBAAT,CAA0B;AAC/B,WAAO,KAAP;GADK,CAAP,CAD0C;CAAjB;;;;;;;;;;;AAe3B,IAAI,uCAAuC,SAAvC,oCAAuC,CAAU,SAAV,EAAqB,MAArB,EAA6B;;AAEtE,MAAI,SAAS,OAAO,SAAP,CAAiB,CAAjB,EAAoB,KAAK,GAAL,CAAS,OAAO,MAAP,EAAe,CAAxB,CAApB,CAAT,CAFkE;AAGtE,MAAI,WAAW,EAAE,GAAF,CAAM,kCAAkC,MAAlC,CAAN,EACb,UAAU,iBAAV,EAA6B;AAC3B,QAAI,WAAW,EAAX,CADuB;AAE3B,aAAS,SAAT,IACE,IAAI,MAAJ,CAAW,MAAM,OAAO,aAAP,CAAqB,iBAArB,CAAN,CADb,CAF2B;AAI3B,WAAO,QAAP,CAJ2B;GAA7B,CADE,CAHkE;AAUtE,MAAI,wBAAwB,EAAxB,CAVkE;AAWtE,wBAAsB,SAAtB,IACE,IAAI,MAAJ,CAAW,MAAM,OAAO,aAAP,CAAqB,MAArB,CAAN,GAAqC,GAArC,EAA0C,GAArD,CADF,CAXsE;AAatE,SAAO,EAAC,MAAM,CAAC,EAAC,KAAK,QAAL,EAAF,EAAkB,qBAAlB,CAAN,EAAR,CAbsE;CAA7B;;;AAiB3C,IAAI,oCAAoC,SAApC,iCAAoC,CAAU,MAAV,EAAkB;AACxD,MAAI,eAAe,CAAC,EAAD,CAAf,CADoD;AAExD,OAAK,IAAI,IAAI,CAAJ,EAAO,IAAI,OAAO,MAAP,EAAe,GAAnC,EAAwC;AACtC,QAAI,KAAK,OAAO,MAAP,CAAc,CAAd,CAAL,CADkC;AAEtC,mBAAe,EAAE,OAAF,CAAU,EAAE,GAAF,CAAM,YAAN,EAAoB,UAAU,MAAV,EAAkB;AAC7D,UAAI,gBAAgB,GAAG,WAAH,EAAhB,CADyD;AAE7D,UAAI,gBAAgB,GAAG,WAAH,EAAhB;;AAFyD,UAIzD,kBAAkB,aAAlB,EAAiC;AACnC,eAAO,CAAC,SAAS,EAAT,CAAR,CADmC;OAArC,MAEO;AACL,eAAO,CAAC,SAAS,aAAT,EAAwB,SAAS,aAAT,CAAhC,CADK;OAFP;KAJ2C,CAA9B,CAAf,CAFsC;GAAxC;AAaA,SAAO,YAAP,CAfwD;CAAlB;;AAkBxC,IAAI,oCAAoC,SAApC,iCAAoC,CAAU,SAAV,EAAqB,WAArB,EAAkC,UAAlC,EAA8C,SAA9C,EAAyD;;;AAG/F,MAAI,YAAY,EAAE,GAAF,CAAM,SAAS,iCAAT,EAA4C,UAAlD,CAAZ,CAH2F;;AAK/F,MAAI,cAAc,CAAC,SAAD,EAAY;AAC5B,QAAI,eAAe,OAAO,KAAP,CAAa,IAAb,CACjB,qCAAqC,SAArC,EAAgD,UAAhD,CADiB,EAC4C,KAD5C,EAAf,CADwB;;AAI5B,QAAI,aAAa,MAAb,GAAsB,CAAtB;;AAEC,KAAC,SAAD;;;AAGA,iBAAa,MAAb,GAAsB,CAAtB,IAA2B,aAAa,CAAb,EAAgB,GAAhB,KAAwB,SAAxB,CAL5B,EAKiE;AACnE,YAAM,IAAI,OAAO,KAAP,CAAa,GAAjB,EAAsB,cAAc,kBAAd,CAA5B,CADmE;KALrE;GAJF;CALsC;;;AAqBxC,IAAI,iBAAiB,MAAM,KAAN,CAAY,UAAU,CAAV,EAAa;AAC5C,QAAM,CAAN,EAAS,MAAT,EAD4C;AAE5C,SAAO,EAAE,MAAF,GAAW,CAAX,CAFqC;CAAb,CAA7B;;AAKJ,IAAI,qBAAqB,MAAM,KAAN,CAAY,UAAU,IAAV,EAAgB;AACnD,QAAM,IAAN,EAAY;AACV,QAAI,MAAM,QAAN,CAAe,cAAf,CAAJ;AACA,cAAU,MAAM,QAAN,CAAe,cAAf,CAAV;AACA,WAAO,MAAM,QAAN,CAAe,cAAf,CAAP;GAHF,EADmD;AAMnD,MAAI,EAAE,IAAF,CAAO,IAAP,EAAa,MAAb,KAAwB,CAAxB,EACF,MAAM,IAAI,MAAM,KAAN,CAAY,2CAAhB,CAAN,CADF;AAEA,SAAO,IAAP,CARmD;CAAhB,CAAjC;;AAWJ,IAAI,oBAAoB,MAAM,KAAN,CACtB,MADsB,EAEtB,EAAE,QAAQ,MAAR,EAAgB,WAAW,MAAX,EAFI,CAApB;;;;;;;;;;;;;;;;AAmBJ,SAAS,oBAAT,CAA8B,UAA9B,EAA0C,UAAU,OAAV,EAAmB;AAC3D,MAAI,CAAE,QAAQ,QAAR,IAAoB,QAAQ,GAAR,EACxB,OAAO,SAAP,CADF;;AAD2D,OAI3D,CAAM,OAAN,EAAe;AACb,UAAM,kBAAN;AACA,cAAU,iBAAV;GAFF,EAJ2D;;AAU3D,MAAI,OAAO,SAAS,gBAAT,CAA0B,QAAQ,IAAR,CAAjC,CAVuD;AAW3D,MAAI,CAAC,IAAD,EACF,MAAM,IAAI,OAAO,KAAP,CAAa,GAAjB,EAAsB,gBAAtB,CAAN,CADF;;AAGA,MAAI,CAAC,KAAK,QAAL,IAAiB,CAAC,KAAK,QAAL,CAAc,QAAd,IACnB,EAAE,KAAK,QAAL,CAAc,QAAd,CAAuB,MAAvB,IAAiC,KAAK,QAAL,CAAc,QAAd,CAAuB,GAAvB,CAAnC,EACF,MAAM,IAAI,OAAO,KAAP,CAAa,GAAjB,EAAsB,0BAAtB,CAAN,CAFF;;AAIA,MAAI,CAAC,KAAK,QAAL,CAAc,QAAd,CAAuB,MAAvB,EAA+B;AAClC,QAAI,OAAO,QAAQ,QAAR,KAAqB,QAA5B,EAAsC;;;;;AAKxC,UAAI,WAAW,KAAK,QAAL,CAAc,QAAd,CAAuB,GAAvB,CALyB;AAMxC,UAAI,cAAc,IAAI,gBAAJ,CAAqB,QAAQ,QAAR,EAAkB;AACvD,kBAAU,SAAS,QAAT,EAAmB,MAAM,SAAS,IAAT,EADnB,CAAd,CANoC;;AASxC,UAAI,SAAS,QAAT,KAAsB,YAAY,QAAZ,EAAsB;AAC9C,eAAO;AACL,kBAAQ,KAAK,GAAL;AACR,iBAAO,IAAI,OAAO,KAAP,CAAa,GAAjB,EAAsB,oBAAtB,CAAP;SAFF,CAD8C;OAAhD;;AAOA,aAAO,EAAC,QAAQ,KAAK,GAAL,EAAhB,CAhBwC;KAA1C,MAiBO;;AAEL,YAAM,IAAI,OAAO,KAAP,CAAa,GAAjB,EAAsB,qBAAtB,EAA6C,MAAM,SAAN,CAAgB;AACjE,gBAAQ,KAAR;AACA,kBAAU,KAAK,QAAL,CAAc,QAAd,CAAuB,GAAvB,CAA2B,QAA3B;OAFuC,CAA7C,CAAN,CAFK;KAjBP;GADF;;AA2BA,SAAO,cACL,IADK,EAEL,QAAQ,QAAR,CAFF,CA7C2D;CAAnB,CAA1C;;;;;;;;;;;;;;;;;AAkEA,SAAS,oBAAT,CAA8B,UAA9B,EAA0C,UAAU,OAAV,EAAmB;AAC3D,MAAI,CAAC,QAAQ,GAAR,IAAe,CAAC,QAAQ,QAAR,EACnB,OAAO,SAAP,CADF;;AAD2D,OAI3D,CAAM,OAAN,EAAe;AACb,UAAM,kBAAN;AACA,SAAK,MAAL;AACA,cAAU,iBAAV;GAHF,EAJ2D;;AAU3D,MAAI,OAAO,SAAS,gBAAT,CAA0B,QAAQ,IAAR,CAAjC,CAVuD;AAW3D,MAAI,CAAC,IAAD,EACF,MAAM,IAAI,OAAO,KAAP,CAAa,GAAjB,EAAsB,gBAAtB,CAAN,CADF;;;;AAX2D,MAgBvD,KAAK,QAAL,IAAiB,KAAK,QAAL,CAAc,QAAd,IAA0B,KAAK,QAAL,CAAc,QAAd,CAAuB,MAAvB,EAC7C,OAAO,cAAc,IAAd,EAAoB,QAAQ,QAAR,CAA3B,CADF;;AAGA,MAAI,EAAE,KAAK,QAAL,IAAiB,KAAK,QAAL,CAAc,QAAd,IAA0B,KAAK,QAAL,CAAc,QAAd,CAAuB,GAAvB,CAA7C,EACF,MAAM,IAAI,OAAO,KAAP,CAAa,GAAjB,EAAsB,0BAAtB,CAAN,CADF;;AAGA,MAAI,KAAK,KAAK,QAAL,CAAc,QAAd,CAAuB,GAAvB,CAA2B,QAA3B,CAtBkD;AAuB3D,MAAI,KAAK,IAAI,gBAAJ,CACP,IADO,EAEP;AACE,+BAA2B,QAAQ,GAAR;AAC3B,UAAM,KAAK,QAAL,CAAc,QAAd,CAAuB,GAAvB,CAA2B,IAA3B;GAJD,EAMP,QANO,CAvBkD;AA8B3D,MAAI,OAAO,EAAP,EACF,OAAO;AACL,YAAQ,KAAK,GAAL;AACR,WAAO,IAAI,OAAO,KAAP,CAAa,GAAjB,EAAsB,oBAAtB,CAAP;GAFF,CADF;;;AA9B2D,MAqCvD,SAAS,aAAa,QAAQ,QAAR,CAAtB,CArCuD;AAsC3D,SAAO,KAAP,CAAa,MAAb,CACE,KAAK,GAAL,EACA;AACE,YAAQ,EAAE,yBAAyB,CAAzB,EAAV;AACA,UAAM,EAAE,4BAA4B,MAA5B,EAAR;GAJJ,EAtC2D;;AA8C3D,SAAO,EAAC,QAAQ,KAAK,GAAL,EAAhB,CA9C2D;CAAnB,CAA1C;;;;;;;;;;;;;;;AA+DA,SAAS,WAAT,GAAuB,UAAU,MAAV,EAAkB,WAAlB,EAA+B;AACpD,QAAM,MAAN,EAAc,cAAd,EADoD;AAEpD,QAAM,WAAN,EAAmB,cAAnB,EAFoD;;AAIpD,MAAI,OAAO,OAAO,KAAP,CAAa,OAAb,CAAqB,MAArB,CAAP,CAJgD;AAKpD,MAAI,CAAC,IAAD,EACF,MAAM,IAAI,OAAO,KAAP,CAAa,GAAjB,EAAsB,gBAAtB,CAAN,CADF;;AAGA,MAAI,cAAc,KAAK,QAAL;;;AARkC,mCAWpD,CAAkC,UAAlC,EAA8C,UAA9C,EAA0D,WAA1D,EAAuE,KAAK,GAAL,CAAvE,CAXoD;;AAapD,SAAO,KAAP,CAAa,MAAb,CAAoB,EAAC,KAAK,KAAK,GAAL,EAA1B,EAAqC,EAAC,MAAM,EAAC,UAAU,WAAV,EAAP,EAAtC;;;;AAboD,MAiBhD;AACF,sCAAkC,UAAlC,EAA8C,UAA9C,EAA0D,WAA1D,EAAuE,KAAK,GAAL,CAAvE,CADE;GAAJ,CAEE,OAAO,EAAP,EAAW;;AAEX,WAAO,KAAP,CAAa,MAAb,CAAoB,EAAC,KAAK,KAAK,GAAL,EAA1B,EAAqC,EAAC,MAAM,EAAC,UAAU,WAAV,EAAP,EAAtC,EAFW;AAGX,UAAM,EAAN,CAHW;GAAX;CAnBmB;;;;;;;;;;;;;;;;;AAyCvB,OAAO,OAAP,CAAe,EAAC;AAAgB,4BAAU,WAAV,EAAuB,WAAvB,EAAoC;AAClE,YAAM,WAAN,EAAmB,iBAAnB,EADkE;AAElE,YAAM,WAAN,EAAmB,iBAAnB,EAFkE;;AAIlE,UAAI,CAAC,KAAK,MAAL,EACH,MAAM,IAAI,OAAO,KAAP,CAAa,GAAjB,EAAsB,mBAAtB,CAAN,CADF;;AAGA,UAAI,OAAO,OAAO,KAAP,CAAa,OAAb,CAAqB,KAAK,MAAL,CAA5B,CAP8D;AAQlE,UAAI,CAAC,IAAD,EACF,MAAM,IAAI,OAAO,KAAP,CAAa,GAAjB,EAAsB,gBAAtB,CAAN,CADF;;AAGA,UAAI,CAAC,KAAK,QAAL,IAAiB,CAAC,KAAK,QAAL,CAAc,QAAd,IAClB,CAAC,KAAK,QAAL,CAAc,QAAd,CAAuB,MAAvB,IAAiC,CAAC,KAAK,QAAL,CAAc,QAAd,CAAuB,GAAvB,EACtC,MAAM,IAAI,OAAO,KAAP,CAAa,GAAjB,EAAsB,0BAAtB,CAAN,CAFF;;AAIA,UAAI,CAAE,KAAK,QAAL,CAAc,QAAd,CAAuB,MAAvB,EAA+B;AACnC,cAAM,IAAI,OAAO,KAAP,CAAa,GAAjB,EAAsB,qBAAtB,EAA6C,MAAM,SAAN,CAAgB;AACjE,kBAAQ,KAAR;AACA,oBAAU,KAAK,QAAL,CAAc,QAAd,CAAuB,GAAvB,CAA2B,QAA3B;SAFuC,CAA7C,CAAN,CADmC;OAArC;;AAOA,UAAI,SAAS,cAAc,IAAd,EAAoB,WAApB,CAAT,CAtB8D;AAuBlE,UAAI,OAAO,KAAP,EACF,MAAM,OAAO,KAAP,CADR;;AAGA,UAAI,SAAS,aAAa,WAAb,CAAT;;;;;;AA1B8D,UAgC9D,eAAe,SAAS,cAAT,CAAwB,KAAK,UAAL,CAAgB,EAAhB,CAAvC,CAhC8D;AAiClE,aAAO,KAAP,CAAa,MAAb,CACE,EAAE,KAAK,KAAK,MAAL,EADT,EAEE;AACE,cAAM,EAAE,4BAA4B,MAA5B,EAAR;AACA,eAAO;AACL,yCAA+B,EAAE,aAAa,EAAE,KAAK,YAAL,EAAf,EAAjC;SADF;AAGA,gBAAQ,EAAE,2BAA2B,CAA3B,EAAV;OAPJ,EAjCkE;;AA4ClE,aAAO,EAAC,iBAAiB,IAAjB,EAAR,CA5CkE;KAApC;;;KAAhB,EAAhB;;;;;;;;;;;;;AA2DA,SAAS,WAAT,GAAuB,UAAU,MAAV,EAAkB,oBAAlB,EAAwC,OAAxC,EAAiD;AACtE,YAAU,EAAE,MAAF,CAAS,EAAC,QAAQ,IAAR,EAAV,EAAyB,OAAzB,CAAV,CADsE;;AAGtE,MAAI,OAAO,OAAO,KAAP,CAAa,OAAb,CAAqB,MAArB,CAAP,CAHkE;AAItE,MAAI,CAAC,IAAD,EACF,MAAM,IAAI,OAAO,KAAP,CAAa,GAAjB,EAAsB,gBAAtB,CAAN,CADF;;AAGA,MAAI,SAAS;AACX,YAAQ;AACN,+BAAyB,CAAzB;AACA,iCAA2B,CAA3B;KAFF;AAIA,UAAM,EAAC,4BAA4B,aAAa,oBAAb,CAA5B,EAAP;GALE,CAPkE;;AAetE,MAAI,QAAQ,MAAR,EAAgB;AAClB,WAAO,MAAP,CAAc,6BAAd,IAA+C,CAA/C,CADkB;GAApB;;AAIA,SAAO,KAAP,CAAa,MAAb,CAAoB,EAAC,KAAK,KAAK,GAAL,EAA1B,EAAqC,MAArC,EAnBsE;CAAjD;;;;;;;;AA6BvB,OAAO,OAAP,CAAe,EAAC;AAAgB,4BAAU,OAAV,EAAmB;AACjD,YAAM,OAAN,EAAe,EAAC,OAAO,MAAP,EAAhB,EADiD;;AAGjD,UAAI,OAAO,SAAS,eAAT,CAAyB,QAAQ,KAAR,CAAhC,CAH6C;AAIjD,UAAI,CAAC,IAAD,EACF,MAAM,IAAI,OAAO,KAAP,CAAa,GAAjB,EAAsB,gBAAtB,CAAN,CADF;;AAGA,UAAM,SAAS,EAAE,KAAF,CAAQ,KAAK,MAAL,IAAe,EAAf,EAAmB,SAA3B,CAAT,CAP2C;AAQjD,UAAM,qBAAqB,EAAE,IAAF,CAAO,MAAP,EAAe,iBAAS;AACjD,eAAO,MAAM,WAAN,OAAwB,QAAQ,KAAR,CAAc,WAAd,EAAxB,CAD0C;OAAT,CAApC,CAR2C;;AAYjD,eAAS,sBAAT,CAAgC,KAAK,GAAL,EAAU,kBAA1C,EAZiD;KAAnB;;;KAAhB,EAAhB;;;;;;;;;;;;AAyBA,SAAS,sBAAT,GAAkC,UAAU,MAAV,EAAkB,KAAlB,EAAyB;;AAEzD,MAAI,OAAO,OAAO,KAAP,CAAa,OAAb,CAAqB,MAArB,CAAP,CAFqD;AAGzD,MAAI,CAAC,IAAD,EACF,MAAM,IAAI,KAAJ,CAAU,iBAAV,CAAN,CADF;;AAHyD,MAMrD,CAAC,KAAD,IAAU,KAAK,MAAL,IAAe,KAAK,MAAL,CAAY,CAAZ,CAAzB,EACF,QAAQ,KAAK,MAAL,CAAY,CAAZ,EAAe,OAAf,CADV;;AANyD,MASrD,CAAC,KAAD,IAAU,CAAC,EAAE,QAAF,CAAW,EAAE,KAAF,CAAQ,KAAK,MAAL,IAAe,EAAf,EAAmB,SAA3B,CAAX,EAAkD,KAAlD,CAAD,EACZ,MAAM,IAAI,KAAJ,CAAU,yBAAV,CAAN,CADF;;AAGA,MAAI,QAAQ,OAAO,MAAP,EAAR,CAZqD;AAazD,MAAI,OAAO,IAAI,IAAJ,EAAP,CAbqD;AAczD,MAAI,cAAc;AAChB,WAAO,KAAP;AACA,WAAO,KAAP;AACA,UAAM,IAAN;GAHE,CAdqD;AAmBzD,SAAO,KAAP,CAAa,MAAb,CAAoB,MAApB,EAA4B,EAAC,MAAM;AACjC,iCAA2B,WAA3B;KAD2B,EAA7B;;AAnByD,QAuBzD,CAAO,OAAP,CAAe,IAAf,EAAqB,UAArB,EAAiC,UAAjC,EAA6C,KAA7C,GAAqD,WAArD,CAvByD;;AAyBzD,MAAI,mBAAmB,SAAS,IAAT,CAAc,aAAd,CAA4B,KAA5B,CAAnB,CAzBqD;;AA2BzD,MAAI,UAAU;AACZ,QAAI,KAAJ;AACA,UAAM,SAAS,cAAT,CAAwB,aAAxB,CAAsC,IAAtC,GACF,SAAS,cAAT,CAAwB,aAAxB,CAAsC,IAAtC,CAA2C,IAA3C,CADE,GAEF,SAAS,cAAT,CAAwB,IAAxB;AACJ,aAAS,SAAS,cAAT,CAAwB,aAAxB,CAAsC,OAAtC,CAA8C,IAA9C,CAAT;GALE,CA3BqD;;AAmCzD,MAAI,OAAO,SAAS,cAAT,CAAwB,aAAxB,CAAsC,IAAtC,KAA+C,UAAtD,EAAkE;AACpE,YAAQ,IAAR,GACE,SAAS,cAAT,CAAwB,aAAxB,CAAsC,IAAtC,CAA2C,IAA3C,EAAiD,gBAAjD,CADF,CADoE;GAAtE;;AAKA,MAAI,OAAO,SAAS,cAAT,CAAwB,aAAxB,CAAsC,IAAtC,KAA+C,UAAtD,EACF,QAAQ,IAAR,GACE,SAAS,cAAT,CAAwB,aAAxB,CAAsC,IAAtC,CAA2C,IAA3C,EAAiD,gBAAjD,CADF,CADF;;AAIA,MAAI,yBAAO,SAAS,cAAT,CAAwB,OAAxB,CAAP,KAA2C,QAA3C,EAAqD;AACvD,YAAQ,OAAR,GAAkB,SAAS,cAAT,CAAwB,OAAxB,CADqC;GAAzD;;AAIA,QAAM,IAAN,CAAW,OAAX,EAhDyD;CAAzB;;;;;;;;;;;;;;;;;AAkElC,SAAS,mBAAT,GAA+B,UAAU,MAAV,EAAkB,KAAlB,EAAyB;;;;AAItD,MAAI,OAAO,OAAO,KAAP,CAAa,OAAb,CAAqB,MAArB,CAAP,CAJkD;AAKtD,MAAI,CAAC,IAAD,EACF,MAAM,IAAI,KAAJ,CAAU,iBAAV,CAAN,CADF;;AALsD,MAQlD,CAAC,KAAD,IAAU,KAAK,MAAL,IAAe,KAAK,MAAL,CAAY,CAAZ,CAAzB,EACF,QAAQ,KAAK,MAAL,CAAY,CAAZ,EAAe,OAAf,CADV;;AARsD,MAWlD,CAAC,KAAD,IAAU,CAAC,EAAE,QAAF,CAAW,EAAE,KAAF,CAAQ,KAAK,MAAL,IAAe,EAAf,EAAmB,SAA3B,CAAX,EAAkD,KAAlD,CAAD,EACZ,MAAM,IAAI,KAAJ,CAAU,yBAAV,CAAN,CADF;;AAGA,MAAI,QAAQ,OAAO,MAAP,EAAR,CAdkD;AAetD,MAAI,OAAO,IAAI,IAAJ,EAAP,CAfkD;AAgBtD,MAAI,cAAc;AAChB,WAAO,KAAP;AACA,WAAO,KAAP;AACA,UAAM,IAAN;GAHE,CAhBkD;AAqBtD,SAAO,KAAP,CAAa,MAAb,CAAoB,MAApB,EAA4B,EAAC,MAAM;AACjC,iCAA2B,WAA3B;KAD2B,EAA7B;;;AArBsD,QA0BtD,CAAO,OAAP,CAAe,IAAf,EAAqB,UAArB,EAAiC,UAAjC,EAA6C,KAA7C,GAAqD,WAArD,CA1BsD;;AA4BtD,MAAI,mBAAmB,SAAS,IAAT,CAAc,aAAd,CAA4B,KAA5B,CAAnB,CA5BkD;;AA8BtD,MAAI,UAAU;AACZ,QAAI,KAAJ;AACA,UAAM,SAAS,cAAT,CAAwB,aAAxB,CAAsC,IAAtC,GACF,SAAS,cAAT,CAAwB,aAAxB,CAAsC,IAAtC,CAA2C,IAA3C,CADE,GAEF,SAAS,cAAT,CAAwB,IAAxB;AACJ,aAAS,SAAS,cAAT,CAAwB,aAAxB,CAAsC,OAAtC,CAA8C,IAA9C,CAAT;GALE,CA9BkD;;AAsCtD,MAAI,OAAO,SAAS,cAAT,CAAwB,aAAxB,CAAsC,IAAtC,KAA+C,UAAtD,EAAkE;AACpE,YAAQ,IAAR,GACE,SAAS,cAAT,CAAwB,aAAxB,CAAsC,IAAtC,CAA2C,IAA3C,EAAiD,gBAAjD,CADF,CADoE;GAAtE;;AAKA,MAAI,OAAO,SAAS,cAAT,CAAwB,aAAxB,CAAsC,IAAtC,KAA+C,UAAtD,EACF,QAAQ,IAAR,GACE,SAAS,cAAT,CAAwB,aAAxB,CAAsC,IAAtC,CAA2C,IAA3C,EAAiD,gBAAjD,CADF,CADF;;AAIA,MAAI,yBAAO,SAAS,cAAT,CAAwB,OAAxB,CAAP,KAA2C,QAA3C,EAAqD;AACvD,YAAQ,OAAR,GAAkB,SAAS,cAAT,CAAwB,OAAxB,CADqC;GAAzD;;AAIA,QAAM,IAAN,CAAW,OAAX,EAnDsD;CAAzB;;;;AAyD/B,OAAO,OAAP,CAAe,EAAC;AAAe,2BAAU,KAAV,EAAiB,WAAjB,EAA8B;AAC3D,UAAI,OAAO,IAAP,CADuD;AAE3D,aAAO,SAAS,YAAT,CACL,IADK,EAEL,eAFK,EAGL,SAHK,EAIL,UAJK,EAKL,YAAY;AACV,cAAM,KAAN,EAAa,MAAb,EADU;AAEV,cAAM,WAAN,EAAmB,iBAAnB,EAFU;;AAIV,YAAI,OAAO,OAAO,KAAP,CAAa,OAAb,CAAqB;AAC9B,2CAAiC,KAAjC,EADS,CAAP,CAJM;AAMV,YAAI,CAAC,IAAD,EACF,MAAM,IAAI,OAAO,KAAP,CAAa,GAAjB,EAAsB,eAAtB,CAAN,CADF;AAEA,YAAI,QAAQ,KAAK,QAAL,CAAc,QAAd,CAAuB,KAAvB,CAA6B,KAA7B,CARF;AASV,YAAI,CAAC,EAAE,OAAF,CAAU,EAAE,KAAF,CAAQ,KAAK,MAAL,IAAe,EAAf,EAAmB,SAA3B,CAAV,EAAiD,KAAjD,CAAD,EACF,OAAO;AACL,kBAAQ,KAAK,GAAL;AACR,iBAAO,IAAI,OAAO,KAAP,CAAa,GAAjB,EAAsB,iCAAtB,CAAP;SAFF,CADF;;AAMA,YAAI,SAAS,aAAa,WAAb,CAAT;;;;;;AAfM,YAqBN,WAAW,SAAS,cAAT,CAAwB,KAAK,UAAL,CAAgB,EAAhB,CAAnC,CArBM;AAsBV,iBAAS,cAAT,CAAwB,KAAK,GAAL,EAAU,KAAK,UAAL,EAAiB,IAAnD,EAtBU;AAuBV,YAAI;AAAkB,mBAAlB,eAAkB,GAAY;AAChC,qBAAS,cAAT,CAAwB,KAAK,GAAL,EAAU,KAAK,UAAL,EAAiB,QAAnD,EADgC;WAAZ;;iBAAlB;WAAJ,CAvBU;;AA2BV,YAAI;;;;;AAKF,cAAI,kBAAkB,OAAO,KAAP,CAAa,MAAb,CACpB;AACE,iBAAK,KAAK,GAAL;AACL,8BAAkB,KAAlB;AACA,6CAAiC,KAAjC;WAJkB,EAMpB,EAAC,MAAM,EAAC,4BAA4B,MAA5B;AACA,mCAAqB,IAArB,EADP;AAEA,oBAAQ,EAAC,2BAA2B,CAA3B;AACA,uCAAyB,CAAzB,EADT,EARmB,CAAlB,CALF;AAeF,cAAI,oBAAoB,CAApB,EACF,OAAO;AACL,oBAAQ,KAAK,GAAL;AACR,mBAAO,IAAI,OAAO,KAAP,CAAa,GAAjB,EAAsB,eAAtB,CAAP;WAFF,CADF;SAfF,CAoBE,OAAO,GAAP,EAAY;AACZ,4BADY;AAEZ,gBAAM,GAAN,CAFY;SAAZ;;;;AA/CQ,gBAsDV,CAAS,oBAAT,CAA8B,KAAK,GAAL,CAA9B,CAtDU;;AAwDV,eAAO,EAAC,QAAQ,KAAK,GAAL,EAAhB,CAxDU;OAAZ,CALF,CAF2D;KAA9B;;;KAAf,EAAhB;;;;;;;;;;;;;;;;AAmFA,SAAS,qBAAT,GAAiC,UAAU,MAAV,EAAkB,OAAlB,EAA2B;;;;;;AAM1D,MAAI,OAAO,OAAO,KAAP,CAAa,OAAb,CAAqB,MAArB,CAAP,CANsD;AAO1D,MAAI,CAAC,IAAD,EACF,MAAM,IAAI,KAAJ,CAAU,iBAAV,CAAN,CADF;;AAP0D,MAUtD,CAAC,OAAD,EAAU;AACZ,QAAI,QAAQ,EAAE,IAAF,CAAO,KAAK,MAAL,IAAe,EAAf,EACA,UAAU,CAAV,EAAa;AAAE,aAAO,CAAC,EAAE,QAAF,CAAV;KAAb,CADf,CADQ;AAGZ,cAAU,CAAC,SAAS,EAAT,CAAD,CAAc,OAAd,CAHE;;AAKZ,QAAI,CAAC,OAAD,EAAU;AACZ,YAAM,IAAI,KAAJ,CAAU,8CAAV,CAAN,CADY;KAAd;GALF;;AAV0D,MAoBtD,CAAC,OAAD,IAAY,CAAC,EAAE,QAAF,CAAW,EAAE,KAAF,CAAQ,KAAK,MAAL,IAAe,EAAf,EAAmB,SAA3B,CAAX,EAAkD,OAAlD,CAAD,EACd,MAAM,IAAI,KAAJ,CAAU,iCAAV,CAAN,CADF;;AAIA,MAAI,cAAc;AAChB,WAAO,OAAO,MAAP,EAAP;AACA,aAAS,OAAT;AACA,UAAM,IAAI,IAAJ,EAAN,EAHE,CAxBsD;AA4B1D,SAAO,KAAP,CAAa,MAAb,CACE,EAAC,KAAK,MAAL,EADH,EAEE,EAAC,OAAO,EAAC,qCAAqC,WAArC,EAAR,EAFH;;;AA5B0D,QAiC1D,CAAO,OAAP,CAAe,IAAf,EAAqB,UAArB,EAAiC,OAAjC,EAjC0D;AAkC1D,MAAI,CAAC,KAAK,QAAL,CAAc,KAAd,CAAoB,kBAApB,EAAwC;AAC3C,SAAK,QAAL,CAAc,KAAd,CAAoB,kBAApB,GAAyC,EAAzC,CAD2C;GAA7C;AAGA,OAAK,QAAL,CAAc,KAAd,CAAoB,kBAApB,CAAuC,IAAvC,CAA4C,WAA5C,EArC0D;;AAuC1D,MAAI,iBAAiB,SAAS,IAAT,CAAc,WAAd,CAA0B,YAAY,KAAZ,CAA3C,CAvCsD;;AAyC1D,MAAI,UAAU;AACZ,QAAI,OAAJ;AACA,UAAM,SAAS,cAAT,CAAwB,WAAxB,CAAoC,IAApC,GACF,SAAS,cAAT,CAAwB,WAAxB,CAAoC,IAApC,CAAyC,IAAzC,CADE,GAEF,SAAS,cAAT,CAAwB,IAAxB;AACJ,aAAS,SAAS,cAAT,CAAwB,WAAxB,CAAoC,OAApC,CAA4C,IAA5C,CAAT;GALE,CAzCsD;;AAiD1D,MAAI,OAAO,SAAS,cAAT,CAAwB,WAAxB,CAAoC,IAApC,KAA6C,UAApD,EAAgE;AAClE,YAAQ,IAAR,GACE,SAAS,cAAT,CAAwB,WAAxB,CAAoC,IAApC,CAAyC,IAAzC,EAA+C,cAA/C,CADF,CADkE;GAApE;;AAKA,MAAI,OAAO,SAAS,cAAT,CAAwB,WAAxB,CAAoC,IAApC,KAA6C,UAApD,EACF,QAAQ,IAAR,GACE,SAAS,cAAT,CAAwB,WAAxB,CAAoC,IAApC,CAAyC,IAAzC,EAA+C,cAA/C,CADF,CADF;;AAIA,MAAI,yBAAO,SAAS,cAAT,CAAwB,OAAxB,CAAP,KAA2C,QAA3C,EAAqD;AACvD,YAAQ,OAAR,GAAkB,SAAS,cAAT,CAAwB,OAAxB,CADqC;GAAzD;;AAIA,QAAM,IAAN,CAAW,OAAX,EA9D0D;CAA3B;;;;AAmEjC,OAAO,OAAP,CAAe,EAAC;AAAa,yBAAU,KAAV,EAAiB;AAC5C,UAAI,OAAO,IAAP,CADwC;AAE5C,aAAO,SAAS,YAAT,CACL,IADK,EAEL,aAFK,EAGL,SAHK,EAIL,UAJK,EAKL,YAAY;AACV,cAAM,KAAN,EAAa,MAAb,EADU;;AAGV,YAAI,OAAO,OAAO,KAAP,CAAa,OAAb,CACT,EAAC,2CAA2C,KAA3C,EADQ,CAAP,CAHM;AAKV,YAAI,CAAC,IAAD,EACF,MAAM,IAAI,OAAO,KAAP,CAAa,GAAjB,EAAsB,2BAAtB,CAAN,CADF;;AAGA,YAAI,cAAc,EAAE,IAAF,CAAO,KAAK,QAAL,CAAc,KAAd,CAAoB,kBAApB,EACA,UAAU,CAAV,EAAa;AACX,iBAAO,EAAE,KAAF,IAAW,KAAX,CADI;SAAb,CADrB,CARM;AAYV,YAAI,CAAC,WAAD,EACF,OAAO;AACL,kBAAQ,KAAK,GAAL;AACR,iBAAO,IAAI,OAAO,KAAP,CAAa,GAAjB,EAAsB,2BAAtB,CAAP;SAFF,CADF;;AAMA,YAAI,eAAe,EAAE,IAAF,CAAO,KAAK,MAAL,EAAa,UAAU,CAAV,EAAa;AAClD,iBAAO,EAAE,OAAF,IAAa,YAAY,OAAZ,CAD8B;SAAb,CAAnC,CAlBM;AAqBV,YAAI,CAAC,YAAD,EACF,OAAO;AACL,kBAAQ,KAAK,GAAL;AACR,iBAAO,IAAI,OAAO,KAAP,CAAa,GAAjB,EAAsB,0CAAtB,CAAP;SAFF,CADF;;;;;;;AArBU,cAgCV,CAAO,KAAP,CAAa,MAAb,CACE,EAAC,KAAK,KAAK,GAAL;AACL,4BAAkB,YAAY,OAAZ,EAFrB,EAGE,EAAC,MAAM,EAAC,qBAAqB,IAArB,EAAP;AACA,iBAAO,EAAC,qCAAqC,EAAC,SAAS,YAAY,OAAZ,EAA/C,EAAR,EAJH,EAhCU;;AAsCV,eAAO,EAAC,QAAQ,KAAK,GAAL,EAAhB,CAtCU;OAAZ,CALF,CAF4C;KAAjB;;;KAAb,EAAhB;;;;;;;;;;;;;;AA8DA,SAAS,QAAT,GAAoB,UAAU,MAAV,EAAkB,QAAlB,EAA4B,QAA5B,EAAsC;AACxD,QAAM,MAAN,EAAc,cAAd,EADwD;AAExD,QAAM,QAAN,EAAgB,cAAhB,EAFwD;AAGxD,QAAM,QAAN,EAAgB,MAAM,QAAN,CAAe,OAAf,CAAhB,EAHwD;;AAKxD,MAAI,EAAE,WAAF,CAAc,QAAd,CAAJ,EAA6B;AAC3B,eAAW,KAAX,CAD2B;GAA7B;;AAIA,MAAI,OAAO,OAAO,KAAP,CAAa,OAAb,CAAqB,MAArB,CAAP,CAToD;AAUxD,MAAI,CAAC,IAAD,EACF,MAAM,IAAI,OAAO,KAAP,CAAa,GAAjB,EAAsB,gBAAtB,CAAN,CADF;;;;;;;;;;AAVwD,MAqBpD,wBACF,IAAI,MAAJ,CAAW,MAAM,OAAO,aAAP,CAAqB,QAArB,CAAN,GAAuC,GAAvC,EAA4C,GAAvD,CADE,CArBoD;;AAwBxD,MAAI,oBAAoB,EAAE,GAAF,CAAM,KAAK,MAAL,EAAa,UAAS,KAAT,EAAgB,KAAhB,EAAuB;AAChE,QAAI,sBAAsB,IAAtB,CAA2B,MAAM,OAAN,CAA/B,EAA+C;AAC7C,aAAO,KAAP,CAAa,MAAb,CAAoB;AAClB,aAAK,KAAK,GAAL;AACL,0BAAkB,MAAM,OAAN;OAFpB,EAGG,EAAC,MAAM;AACR,8BAAoB,QAApB;AACA,+BAAqB,QAArB;SAFE,EAHJ,EAD6C;AAQ7C,aAAO,IAAP,CAR6C;KAA/C;;AAWA,WAAO,KAAP,CAZgE;GAAvB,CAAvC;;;;;;;;;AAxBoD,MA8CpD,iBAAJ,EAAuB;AACrB,WADqB;GAAvB;;;AA9CwD,mCAmDxD,CAAkC,gBAAlC,EAAoD,OAApD,EAA6D,QAA7D,EAAuE,KAAK,GAAL,CAAvE,CAnDwD;;AAqDxD,SAAO,KAAP,CAAa,MAAb,CAAoB;AAClB,SAAK,KAAK,GAAL;GADP,EAEG;AACD,eAAW;AACT,cAAQ;AACN,iBAAS,QAAT;AACA,kBAAU,QAAV;OAFF;KADF;GAHF;;;;AArDwD,MAkEpD;AACF,sCAAkC,gBAAlC,EAAoD,OAApD,EAA6D,QAA7D,EAAuE,KAAK,GAAL,CAAvE,CADE;GAAJ,CAEE,OAAO,EAAP,EAAW;;AAEX,WAAO,KAAP,CAAa,MAAb,CAAoB,EAAC,KAAK,KAAK,GAAL,EAA1B,EACE,EAAC,OAAO,EAAC,QAAQ,EAAC,SAAS,QAAT,EAAT,EAAR,EADH,EAFW;AAIX,UAAM,EAAN,CAJW;GAAX;CApEgB;;;;;;;;;;AAoFpB,SAAS,WAAT,GAAuB,UAAU,MAAV,EAAkB,KAAlB,EAAyB;AAC9C,QAAM,MAAN,EAAc,cAAd,EAD8C;AAE9C,QAAM,KAAN,EAAa,cAAb,EAF8C;;AAI9C,MAAI,OAAO,OAAO,KAAP,CAAa,OAAb,CAAqB,MAArB,CAAP,CAJ0C;AAK9C,MAAI,CAAC,IAAD,EACF,MAAM,IAAI,OAAO,KAAP,CAAa,GAAjB,EAAsB,gBAAtB,CAAN,CADF;;AAGA,SAAO,KAAP,CAAa,MAAb,CAAoB,EAAC,KAAK,KAAK,GAAL,EAA1B,EACE,EAAC,OAAO,EAAC,QAAQ,EAAC,SAAS,KAAT,EAAT,EAAR,EADH,EAR8C;CAAzB;;;;;;;;;;;AAqBvB,IAAI,cAAa,SAAb,WAAa,CAAU,OAAV,EAAmB;;;AAGlC,QAAM,OAAN,EAAe,MAAM,eAAN,CAAsB;AACnC,cAAU,MAAM,QAAN,CAAe,MAAf,CAAV;AACA,WAAO,MAAM,QAAN,CAAe,MAAf,CAAP;AACA,cAAU,MAAM,QAAN,CAAe,iBAAf,CAAV;GAHa,CAAf,EAHkC;;AASlC,MAAI,WAAW,QAAQ,QAAR,CATmB;AAUlC,MAAI,QAAQ,QAAQ,KAAR,CAVsB;AAWlC,MAAI,CAAC,QAAD,IAAa,CAAC,KAAD,EACf,MAAM,IAAI,OAAO,KAAP,CAAa,GAAjB,EAAsB,iCAAtB,CAAN,CADF;;AAGA,MAAI,OAAO,EAAC,UAAU,EAAV,EAAR,CAd8B;AAelC,MAAI,QAAQ,QAAR,EAAkB;AACpB,QAAI,SAAS,aAAa,QAAQ,QAAR,CAAtB,CADgB;AAEpB,SAAK,QAAL,CAAc,QAAd,GAAyB,EAAE,QAAQ,MAAR,EAA3B,CAFoB;GAAtB;;AAKA,MAAI,QAAJ,EACE,KAAK,QAAL,GAAgB,QAAhB,CADF;AAEA,MAAI,KAAJ,EACE,KAAK,MAAL,GAAc,CAAC,EAAC,SAAS,KAAT,EAAgB,UAAU,KAAV,EAAlB,CAAd,CADF;;;AAtBkC,mCA0BlC,CAAkC,UAAlC,EAA8C,UAA9C,EAA0D,QAA1D,EA1BkC;AA2BlC,oCAAkC,gBAAlC,EAAoD,OAApD,EAA6D,KAA7D,EA3BkC;;AA6BlC,MAAI,SAAS,SAAS,aAAT,CAAuB,OAAvB,EAAgC,IAAhC,CAAT;;;AA7B8B,MAgC9B;AACF,sCAAkC,UAAlC,EAA8C,UAA9C,EAA0D,QAA1D,EAAoE,MAApE,EADE;AAEF,sCAAkC,gBAAlC,EAAoD,OAApD,EAA6D,KAA7D,EAAoE,MAApE,EAFE;GAAJ,CAGE,OAAO,EAAP,EAAW;;AAEX,WAAO,KAAP,CAAa,MAAb,CAAoB,MAApB,EAFW;AAGX,UAAM,EAAN,CAHW;GAAX;AAKF,SAAO,MAAP,CAxCkC;CAAnB;;;AA4CjB,OAAO,OAAP,CAAe,EAAC;AAAY,wBAAU,OAAV,EAAmB;AAC7C,UAAI,OAAO,IAAP,CADyC;AAE7C,aAAO,SAAS,YAAT,CACL,IADK,EAEL,YAFK,EAGL,SAHK,EAIL,UAJK,EAKL,YAAY;;AAEV,cAAM,OAAN,EAAe,MAAf,EAFU;AAGV,YAAI,SAAS,QAAT,CAAkB,2BAAlB,EACF,OAAO;AACL,iBAAO,IAAI,OAAO,KAAP,CAAa,GAAjB,EAAsB,mBAAtB,CAAP;SADF,CADF;;;AAHU,YASN,SAAS,YAAW,OAAX,CAAT;;;AATM,YAYN,CAAE,MAAF,EACF,MAAM,IAAI,KAAJ,CAAU,sCAAV,CAAN,CADF;;;;;AAZU,YAkBN,QAAQ,KAAR,IAAiB,SAAS,QAAT,CAAkB,qBAAlB,EACnB,SAAS,qBAAT,CAA+B,MAA/B,EAAuC,QAAQ,KAAR,CAAvC,CADF;;;AAlBU,eAsBH,EAAC,QAAQ,MAAR,EAAR,CAtBU;OAAZ,CALF,CAF6C;KAAnB;;;KAAZ,EAAhB;;;;;;;;;;;;;;AA8CA,SAAS,UAAT,GAAsB,UAAU,OAAV,EAAmB,QAAnB,EAA6B;AACjD,YAAU,EAAE,KAAF,CAAQ,OAAR,CAAV;;;AADiD,MAI7C,QAAJ,EAAc;AACZ,UAAM,IAAI,KAAJ,CAAU,oEAAV,CAAN,CADY;GAAd;;AAIA,SAAO,YAAW,OAAX,CAAP,CARiD;CAA7B;;;;;AActB,OAAO,KAAP,CAAa,YAAb,CAA0B,yCAA1B,EAC0B,EAAC,QAAQ,CAAR,EAAW,QAAQ,CAAR,EADtC;AAEA,OAAO,KAAP,CAAa,YAAb,CAA0B,+BAA1B,EAC0B,EAAC,QAAQ,CAAR,EAAW,QAAQ,CAAR,EADtC","file":"/packages/accounts-password/password_server.js.map","sourcesContent":["/// BCRYPT\n\nvar bcrypt = NpmModuleBcrypt;\nvar bcryptHash = Meteor.wrapAsync(bcrypt.hash);\nvar bcryptCompare = Meteor.wrapAsync(bcrypt.compare);\n\n// User records have a 'services.password.bcrypt' field on them to hold\n// their hashed passwords (unless they have a 'services.password.srp'\n// field, in which case they will be upgraded to bcrypt the next time\n// they log in).\n//\n// When the client sends a password to the server, it can either be a\n// string (the plaintext password) or an object with keys 'digest' and\n// 'algorithm' (must be \"sha-256\" for now). The Meteor client always sends\n// password objects { digest: *, algorithm: \"sha-256\" }, but DDP clients\n// that don't have access to SHA can just send plaintext passwords as\n// strings.\n//\n// When the server receives a plaintext password as a string, it always\n// hashes it with SHA256 before passing it into bcrypt. When the server\n// receives a password as an object, it asserts that the algorithm is\n// \"sha-256\" and then passes the digest to bcrypt.\n\n\nAccounts._bcryptRounds = 10;\n\n// Given a 'password' from the client, extract the string that we should\n// bcrypt. 'password' can be one of:\n//  - String (the plaintext password)\n//  - Object with 'digest' and 'algorithm' keys. 'algorithm' must be \"sha-256\".\n//\nvar getPasswordString = function (password) {\n  if (typeof password === \"string\") {\n    password = SHA256(password);\n  } else { // 'password' is an object\n    if (password.algorithm !== \"sha-256\") {\n      throw new Error(\"Invalid password hash algorithm. \" +\n                      \"Only 'sha-256' is allowed.\");\n    }\n    password = password.digest;\n  }\n  return password;\n};\n\n// Use bcrypt to hash the password for storage in the database.\n// `password` can be a string (in which case it will be run through\n// SHA256 before bcrypt) or an object with properties `digest` and\n// `algorithm` (in which case we bcrypt `password.digest`).\n//\nvar hashPassword = function (password) {\n  password = getPasswordString(password);\n  return bcryptHash(password, Accounts._bcryptRounds);\n};\n\n// Check whether the provided password matches the bcrypt'ed password in\n// the database user record. `password` can be a string (in which case\n// it will be run through SHA256 before bcrypt) or an object with\n// properties `digest` and `algorithm` (in which case we bcrypt\n// `password.digest`).\n//\nAccounts._checkPassword = function (user, password) {\n  var result = {\n    userId: user._id\n  };\n\n  password = getPasswordString(password);\n\n  if (! bcryptCompare(password, user.services.password.bcrypt)) {\n    result.error = new Meteor.Error(403, \"Incorrect password\");\n  }\n\n  return result;\n};\nvar checkPassword = Accounts._checkPassword;\n\n///\n/// LOGIN\n///\n\nAccounts._findUserByQuery = function (query) {\n  var user = null;\n\n  if (query.id) {\n    user = Meteor.users.findOne({ _id: query.id });\n  } else {\n    var fieldName;\n    var fieldValue;\n    if (query.username) {\n      fieldName = 'username';\n      fieldValue = query.username;\n    } else if (query.email) {\n      fieldName = 'emails.address';\n      fieldValue = query.email;\n    } else {\n      throw new Error(\"shouldn't happen (validation missed something)\");\n    }\n    var selector = {};\n    selector[fieldName] = fieldValue;\n    user = Meteor.users.findOne(selector);\n    // If user is not found, try a case insensitive lookup\n    if (!user) {\n      selector = selectorForFastCaseInsensitiveLookup(fieldName, fieldValue);\n      var candidateUsers = Meteor.users.find(selector).fetch();\n      // No match if multiple candidates are found\n      if (candidateUsers.length === 1) {\n        user = candidateUsers[0];\n      }\n    }\n  }\n\n  return user;\n};\n\n/**\n * @summary Finds the user with the specified username.\n * First tries to match username case sensitively; if that fails, it\n * tries case insensitively; but if more than one user matches the case\n * insensitive search, it returns null.\n * @locus Server\n * @param {String} username The username to look for\n * @returns {Object} A user if found, else null\n * @importFromPackage accounts-base\n */\nAccounts.findUserByUsername = function (username) {\n  return Accounts._findUserByQuery({\n    username: username\n  });\n};\n\n/**\n * @summary Finds the user with the specified email.\n * First tries to match email case sensitively; if that fails, it\n * tries case insensitively; but if more than one user matches the case\n * insensitive search, it returns null.\n * @locus Server\n * @param {String} email The email address to look for\n * @returns {Object} A user if found, else null\n * @importFromPackage accounts-base\n */\nAccounts.findUserByEmail = function (email) {\n  return Accounts._findUserByQuery({\n    email: email\n  });\n};\n\n// Generates a MongoDB selector that can be used to perform a fast case\n// insensitive lookup for the given fieldName and string. Since MongoDB does\n// not support case insensitive indexes, and case insensitive regex queries\n// are slow, we construct a set of prefix selectors for all permutations of\n// the first 4 characters ourselves. We first attempt to matching against\n// these, and because 'prefix expression' regex queries do use indexes (see\n// http://docs.mongodb.org/v2.6/reference/operator/query/regex/#index-use),\n// this has been found to greatly improve performance (from 1200ms to 5ms in a\n// test with 1.000.000 users).\nvar selectorForFastCaseInsensitiveLookup = function (fieldName, string) {\n  // Performance seems to improve up to 4 prefix characters\n  var prefix = string.substring(0, Math.min(string.length, 4));\n  var orClause = _.map(generateCasePermutationsForString(prefix),\n    function (prefixPermutation) {\n      var selector = {};\n      selector[fieldName] =\n        new RegExp('^' + Meteor._escapeRegExp(prefixPermutation));\n      return selector;\n    });\n  var caseInsensitiveClause = {};\n  caseInsensitiveClause[fieldName] =\n    new RegExp('^' + Meteor._escapeRegExp(string) + '$', 'i')\n  return {$and: [{$or: orClause}, caseInsensitiveClause]};\n}\n\n// Generates permutations of all case variations of a given string.\nvar generateCasePermutationsForString = function (string) {\n  var permutations = [''];\n  for (var i = 0; i < string.length; i++) {\n    var ch = string.charAt(i);\n    permutations = _.flatten(_.map(permutations, function (prefix) {\n      var lowerCaseChar = ch.toLowerCase();\n      var upperCaseChar = ch.toUpperCase();\n      // Don't add unneccesary permutations when ch is not a letter\n      if (lowerCaseChar === upperCaseChar) {\n        return [prefix + ch];\n      } else {\n        return [prefix + lowerCaseChar, prefix + upperCaseChar];\n      }\n    }));\n  }\n  return permutations;\n}\n\nvar checkForCaseInsensitiveDuplicates = function (fieldName, displayName, fieldValue, ownUserId) {\n  // Some tests need the ability to add users with the same case insensitive\n  // value, hence the _skipCaseInsensitiveChecksForTest check\n  var skipCheck = _.has(Accounts._skipCaseInsensitiveChecksForTest, fieldValue);\n\n  if (fieldValue && !skipCheck) {\n    var matchedUsers = Meteor.users.find(\n      selectorForFastCaseInsensitiveLookup(fieldName, fieldValue)).fetch();\n\n    if (matchedUsers.length > 0 &&\n        // If we don't have a userId yet, any match we find is a duplicate\n        (!ownUserId ||\n        // Otherwise, check to see if there are multiple matches or a match\n        // that is not us\n        (matchedUsers.length > 1 || matchedUsers[0]._id !== ownUserId))) {\n      throw new Meteor.Error(403, displayName + \" already exists.\");\n    }\n  }\n};\n\n// XXX maybe this belongs in the check package\nvar NonEmptyString = Match.Where(function (x) {\n  check(x, String);\n  return x.length > 0;\n});\n\nvar userQueryValidator = Match.Where(function (user) {\n  check(user, {\n    id: Match.Optional(NonEmptyString),\n    username: Match.Optional(NonEmptyString),\n    email: Match.Optional(NonEmptyString)\n  });\n  if (_.keys(user).length !== 1)\n    throw new Match.Error(\"User property must have exactly one field\");\n  return true;\n});\n\nvar passwordValidator = Match.OneOf(\n  String,\n  { digest: String, algorithm: String }\n);\n\n// Handler to login with a password.\n//\n// The Meteor client sets options.password to an object with keys\n// 'digest' (set to SHA256(password)) and 'algorithm' (\"sha-256\").\n//\n// For other DDP clients which don't have access to SHA, the handler\n// also accepts the plaintext password in options.password as a string.\n//\n// (It might be nice if servers could turn the plaintext password\n// option off. Or maybe it should be opt-in, not opt-out?\n// Accounts.config option?)\n//\n// Note that neither password option is secure without SSL.\n//\nAccounts.registerLoginHandler(\"password\", function (options) {\n  if (! options.password || options.srp)\n    return undefined; // don't handle\n\n  check(options, {\n    user: userQueryValidator,\n    password: passwordValidator\n  });\n\n\n  var user = Accounts._findUserByQuery(options.user);\n  if (!user)\n    throw new Meteor.Error(403, \"User not found\");\n\n  if (!user.services || !user.services.password ||\n      !(user.services.password.bcrypt || user.services.password.srp))\n    throw new Meteor.Error(403, \"User has no password set\");\n\n  if (!user.services.password.bcrypt) {\n    if (typeof options.password === \"string\") {\n      // The client has presented a plaintext password, and the user is\n      // not upgraded to bcrypt yet. We don't attempt to tell the client\n      // to upgrade to bcrypt, because it might be a standalone DDP\n      // client doesn't know how to do such a thing.\n      var verifier = user.services.password.srp;\n      var newVerifier = SRP.generateVerifier(options.password, {\n        identity: verifier.identity, salt: verifier.salt});\n\n      if (verifier.verifier !== newVerifier.verifier) {\n        return {\n          userId: user._id,\n          error: new Meteor.Error(403, \"Incorrect password\")\n        };\n      }\n\n      return {userId: user._id};\n    } else {\n      // Tell the client to use the SRP upgrade process.\n      throw new Meteor.Error(400, \"old password format\", EJSON.stringify({\n        format: 'srp',\n        identity: user.services.password.srp.identity\n      }));\n    }\n  }\n\n  return checkPassword(\n    user,\n    options.password\n  );\n});\n\n// Handler to login using the SRP upgrade path. To use this login\n// handler, the client must provide:\n//   - srp: H(identity + \":\" + password)\n//   - password: a string or an object with properties 'digest' and 'algorithm'\n//\n// We use `options.srp` to verify that the client knows the correct\n// password without doing a full SRP flow. Once we've checked that, we\n// upgrade the user to bcrypt and remove the SRP information from the\n// user document.\n//\n// The client ends up using this login handler after trying the normal\n// login handler (above), which throws an error telling the client to\n// try the SRP upgrade path.\n//\n// XXX COMPAT WITH 0.8.1.3\nAccounts.registerLoginHandler(\"password\", function (options) {\n  if (!options.srp || !options.password)\n    return undefined; // don't handle\n\n  check(options, {\n    user: userQueryValidator,\n    srp: String,\n    password: passwordValidator\n  });\n\n  var user = Accounts._findUserByQuery(options.user);\n  if (!user)\n    throw new Meteor.Error(403, \"User not found\");\n\n  // Check to see if another simultaneous login has already upgraded\n  // the user record to bcrypt.\n  if (user.services && user.services.password && user.services.password.bcrypt)\n    return checkPassword(user, options.password);\n\n  if (!(user.services && user.services.password && user.services.password.srp))\n    throw new Meteor.Error(403, \"User has no password set\");\n\n  var v1 = user.services.password.srp.verifier;\n  var v2 = SRP.generateVerifier(\n    null,\n    {\n      hashedIdentityAndPassword: options.srp,\n      salt: user.services.password.srp.salt\n    }\n  ).verifier;\n  if (v1 !== v2)\n    return {\n      userId: user._id,\n      error: new Meteor.Error(403, \"Incorrect password\")\n    };\n\n  // Upgrade to bcrypt on successful login.\n  var salted = hashPassword(options.password);\n  Meteor.users.update(\n    user._id,\n    {\n      $unset: { 'services.password.srp': 1 },\n      $set: { 'services.password.bcrypt': salted }\n    }\n  );\n\n  return {userId: user._id};\n});\n\n\n///\n/// CHANGING\n///\n\n/**\n * @summary Change a user's username. Use this instead of updating the\n * database directly. The operation will fail if there is an existing user\n * with a username only differing in case.\n * @locus Server\n * @param {String} userId The ID of the user to update.\n * @param {String} newUsername A new username for the user.\n * @importFromPackage accounts-base\n */\nAccounts.setUsername = function (userId, newUsername) {\n  check(userId, NonEmptyString);\n  check(newUsername, NonEmptyString);\n\n  var user = Meteor.users.findOne(userId);\n  if (!user)\n    throw new Meteor.Error(403, \"User not found\");\n\n  var oldUsername = user.username;\n\n  // Perform a case insensitive check fro duplicates before update\n  checkForCaseInsensitiveDuplicates('username', 'Username', newUsername, user._id);\n\n  Meteor.users.update({_id: user._id}, {$set: {username: newUsername}});\n\n  // Perform another check after update, in case a matching user has been\n  // inserted in the meantime\n  try {\n    checkForCaseInsensitiveDuplicates('username', 'Username', newUsername, user._id);\n  } catch (ex) {\n    // Undo update if the check fails\n    Meteor.users.update({_id: user._id}, {$set: {username: oldUsername}});\n    throw ex;\n  }\n};\n\n// Let the user change their own password if they know the old\n// password. `oldPassword` and `newPassword` should be objects with keys\n// `digest` and `algorithm` (representing the SHA256 of the password).\n//\n// XXX COMPAT WITH 0.8.1.3\n// Like the login method, if the user hasn't been upgraded from SRP to\n// bcrypt yet, then this method will throw an 'old password format'\n// error. The client should call the SRP upgrade login handler and then\n// retry this method again.\n//\n// UNLIKE the login method, there is no way to avoid getting SRP upgrade\n// errors thrown. The reasoning for this is that clients using this\n// method directly will need to be updated anyway because we no longer\n// support the SRP flow that they would have been doing to use this\n// method previously.\nMeteor.methods({changePassword: function (oldPassword, newPassword) {\n  check(oldPassword, passwordValidator);\n  check(newPassword, passwordValidator);\n\n  if (!this.userId)\n    throw new Meteor.Error(401, \"Must be logged in\");\n\n  var user = Meteor.users.findOne(this.userId);\n  if (!user)\n    throw new Meteor.Error(403, \"User not found\");\n\n  if (!user.services || !user.services.password ||\n      (!user.services.password.bcrypt && !user.services.password.srp))\n    throw new Meteor.Error(403, \"User has no password set\");\n\n  if (! user.services.password.bcrypt) {\n    throw new Meteor.Error(400, \"old password format\", EJSON.stringify({\n      format: 'srp',\n      identity: user.services.password.srp.identity\n    }));\n  }\n\n  var result = checkPassword(user, oldPassword);\n  if (result.error)\n    throw result.error;\n\n  var hashed = hashPassword(newPassword);\n\n  // It would be better if this removed ALL existing tokens and replaced\n  // the token for the current connection with a new one, but that would\n  // be tricky, so we'll settle for just replacing all tokens other than\n  // the one for the current connection.\n  var currentToken = Accounts._getLoginToken(this.connection.id);\n  Meteor.users.update(\n    { _id: this.userId },\n    {\n      $set: { 'services.password.bcrypt': hashed },\n      $pull: {\n        'services.resume.loginTokens': { hashedToken: { $ne: currentToken } }\n      },\n      $unset: { 'services.password.reset': 1 }\n    }\n  );\n\n  return {passwordChanged: true};\n}});\n\n\n// Force change the users password.\n\n/**\n * @summary Forcibly change the password for a user.\n * @locus Server\n * @param {String} userId The id of the user to update.\n * @param {String} newPassword A new password for the user.\n * @param {Object} [options]\n * @param {Object} options.logout Logout all current connections with this userId (default: true)\n * @importFromPackage accounts-base\n */\nAccounts.setPassword = function (userId, newPlaintextPassword, options) {\n  options = _.extend({logout: true}, options);\n\n  var user = Meteor.users.findOne(userId);\n  if (!user)\n    throw new Meteor.Error(403, \"User not found\");\n\n  var update = {\n    $unset: {\n      'services.password.srp': 1, // XXX COMPAT WITH 0.8.1.3\n      'services.password.reset': 1\n    },\n    $set: {'services.password.bcrypt': hashPassword(newPlaintextPassword)}\n  };\n\n  if (options.logout) {\n    update.$unset['services.resume.loginTokens'] = 1;\n  }\n\n  Meteor.users.update({_id: user._id}, update);\n};\n\n\n///\n/// RESETTING VIA EMAIL\n///\n\n// Method called by a user to request a password reset email. This is\n// the start of the reset process.\nMeteor.methods({forgotPassword: function (options) {\n  check(options, {email: String});\n\n  var user = Accounts.findUserByEmail(options.email);\n  if (!user)\n    throw new Meteor.Error(403, \"User not found\");\n\n  const emails = _.pluck(user.emails || [], 'address');\n  const caseSensitiveEmail = _.find(emails, email => {\n    return email.toLowerCase() === options.email.toLowerCase();\n  });\n\n  Accounts.sendResetPasswordEmail(user._id, caseSensitiveEmail);\n}});\n\n// send the user an email with a link that when opened allows the user\n// to set a new password, without the old password.\n\n/**\n * @summary Send an email with a link the user can use to reset their password.\n * @locus Server\n * @param {String} userId The id of the user to send email to.\n * @param {String} [email] Optional. Which address of the user's to send the email to. This address must be in the user's `emails` list. Defaults to the first email in the list.\n * @importFromPackage accounts-base\n */\nAccounts.sendResetPasswordEmail = function (userId, email) {\n  // Make sure the user exists, and email is one of their addresses.\n  var user = Meteor.users.findOne(userId);\n  if (!user)\n    throw new Error(\"Can't find user\");\n  // pick the first email if we weren't passed an email.\n  if (!email && user.emails && user.emails[0])\n    email = user.emails[0].address;\n  // make sure we have a valid email\n  if (!email || !_.contains(_.pluck(user.emails || [], 'address'), email))\n    throw new Error(\"No such email for user.\");\n\n  var token = Random.secret();\n  var when = new Date();\n  var tokenRecord = {\n    token: token,\n    email: email,\n    when: when\n  };\n  Meteor.users.update(userId, {$set: {\n    \"services.password.reset\": tokenRecord\n  }});\n  // before passing to template, update user object with new token\n  Meteor._ensure(user, 'services', 'password').reset = tokenRecord;\n\n  var resetPasswordUrl = Accounts.urls.resetPassword(token);\n\n  var options = {\n    to: email,\n    from: Accounts.emailTemplates.resetPassword.from\n      ? Accounts.emailTemplates.resetPassword.from(user)\n      : Accounts.emailTemplates.from,\n    subject: Accounts.emailTemplates.resetPassword.subject(user)\n  };\n\n  if (typeof Accounts.emailTemplates.resetPassword.text === 'function') {\n    options.text =\n      Accounts.emailTemplates.resetPassword.text(user, resetPasswordUrl);\n  }\n\n  if (typeof Accounts.emailTemplates.resetPassword.html === 'function')\n    options.html =\n      Accounts.emailTemplates.resetPassword.html(user, resetPasswordUrl);\n\n  if (typeof Accounts.emailTemplates.headers === 'object') {\n    options.headers = Accounts.emailTemplates.headers;\n  }\n\n  Email.send(options);\n};\n\n// send the user an email informing them that their account was created, with\n// a link that when opened both marks their email as verified and forces them\n// to choose their password. The email must be one of the addresses in the\n// user's emails field, or undefined to pick the first email automatically.\n//\n// This is not called automatically. It must be called manually if you\n// want to use enrollment emails.\n\n/**\n * @summary Send an email with a link the user can use to set their initial password.\n * @locus Server\n * @param {String} userId The id of the user to send email to.\n * @param {String} [email] Optional. Which address of the user's to send the email to. This address must be in the user's `emails` list. Defaults to the first email in the list.\n * @importFromPackage accounts-base\n */\nAccounts.sendEnrollmentEmail = function (userId, email) {\n  // XXX refactor! This is basically identical to sendResetPasswordEmail.\n\n  // Make sure the user exists, and email is in their addresses.\n  var user = Meteor.users.findOne(userId);\n  if (!user)\n    throw new Error(\"Can't find user\");\n  // pick the first email if we weren't passed an email.\n  if (!email && user.emails && user.emails[0])\n    email = user.emails[0].address;\n  // make sure we have a valid email\n  if (!email || !_.contains(_.pluck(user.emails || [], 'address'), email))\n    throw new Error(\"No such email for user.\");\n\n  var token = Random.secret();\n  var when = new Date();\n  var tokenRecord = {\n    token: token,\n    email: email,\n    when: when\n  };\n  Meteor.users.update(userId, {$set: {\n    \"services.password.reset\": tokenRecord\n  }});\n\n  // before passing to template, update user object with new token\n  Meteor._ensure(user, 'services', 'password').reset = tokenRecord;\n\n  var enrollAccountUrl = Accounts.urls.enrollAccount(token);\n\n  var options = {\n    to: email,\n    from: Accounts.emailTemplates.enrollAccount.from\n      ? Accounts.emailTemplates.enrollAccount.from(user)\n      : Accounts.emailTemplates.from,\n    subject: Accounts.emailTemplates.enrollAccount.subject(user)\n  };\n\n  if (typeof Accounts.emailTemplates.enrollAccount.text === 'function') {\n    options.text =\n      Accounts.emailTemplates.enrollAccount.text(user, enrollAccountUrl);\n  }\n\n  if (typeof Accounts.emailTemplates.enrollAccount.html === 'function')\n    options.html =\n      Accounts.emailTemplates.enrollAccount.html(user, enrollAccountUrl);\n\n  if (typeof Accounts.emailTemplates.headers === 'object') {\n    options.headers = Accounts.emailTemplates.headers;\n  }\n\n  Email.send(options);\n};\n\n\n// Take token from sendResetPasswordEmail or sendEnrollmentEmail, change\n// the users password, and log them in.\nMeteor.methods({resetPassword: function (token, newPassword) {\n  var self = this;\n  return Accounts._loginMethod(\n    self,\n    \"resetPassword\",\n    arguments,\n    \"password\",\n    function () {\n      check(token, String);\n      check(newPassword, passwordValidator);\n\n      var user = Meteor.users.findOne({\n        \"services.password.reset.token\": token});\n      if (!user)\n        throw new Meteor.Error(403, \"Token expired\");\n      var email = user.services.password.reset.email;\n      if (!_.include(_.pluck(user.emails || [], 'address'), email))\n        return {\n          userId: user._id,\n          error: new Meteor.Error(403, \"Token has invalid email address\")\n        };\n\n      var hashed = hashPassword(newPassword);\n\n      // NOTE: We're about to invalidate tokens on the user, who we might be\n      // logged in as. Make sure to avoid logging ourselves out if this\n      // happens. But also make sure not to leave the connection in a state\n      // of having a bad token set if things fail.\n      var oldToken = Accounts._getLoginToken(self.connection.id);\n      Accounts._setLoginToken(user._id, self.connection, null);\n      var resetToOldToken = function () {\n        Accounts._setLoginToken(user._id, self.connection, oldToken);\n      };\n\n      try {\n        // Update the user record by:\n        // - Changing the password to the new one\n        // - Forgetting about the reset token that was just used\n        // - Verifying their email, since they got the password reset via email.\n        var affectedRecords = Meteor.users.update(\n          {\n            _id: user._id,\n            'emails.address': email,\n            'services.password.reset.token': token\n          },\n          {$set: {'services.password.bcrypt': hashed,\n                  'emails.$.verified': true},\n           $unset: {'services.password.reset': 1,\n                    'services.password.srp': 1}});\n        if (affectedRecords !== 1)\n          return {\n            userId: user._id,\n            error: new Meteor.Error(403, \"Invalid email\")\n          };\n      } catch (err) {\n        resetToOldToken();\n        throw err;\n      }\n\n      // Replace all valid login tokens with new ones (changing\n      // password should invalidate existing sessions).\n      Accounts._clearAllLoginTokens(user._id);\n\n      return {userId: user._id};\n    }\n  );\n}});\n\n///\n/// EMAIL VERIFICATION\n///\n\n\n// send the user an email with a link that when opened marks that\n// address as verified\n\n/**\n * @summary Send an email with a link the user can use verify their email address.\n * @locus Server\n * @param {String} userId The id of the user to send email to.\n * @param {String} [email] Optional. Which address of the user's to send the email to. This address must be in the user's `emails` list. Defaults to the first unverified email in the list.\n * @importFromPackage accounts-base\n */\nAccounts.sendVerificationEmail = function (userId, address) {\n  // XXX Also generate a link using which someone can delete this\n  // account if they own said address but weren't those who created\n  // this account.\n\n  // Make sure the user exists, and address is one of their addresses.\n  var user = Meteor.users.findOne(userId);\n  if (!user)\n    throw new Error(\"Can't find user\");\n  // pick the first unverified address if we weren't passed an address.\n  if (!address) {\n    var email = _.find(user.emails || [],\n                       function (e) { return !e.verified; });\n    address = (email || {}).address;\n\n    if (!address) {\n      throw new Error(\"That user has no unverified email addresses.\");\n    }\n  }\n  // make sure we have a valid address\n  if (!address || !_.contains(_.pluck(user.emails || [], 'address'), address))\n    throw new Error(\"No such email address for user.\");\n\n\n  var tokenRecord = {\n    token: Random.secret(),\n    address: address,\n    when: new Date()};\n  Meteor.users.update(\n    {_id: userId},\n    {$push: {'services.email.verificationTokens': tokenRecord}});\n\n  // before passing to template, update user object with new token\n  Meteor._ensure(user, 'services', 'email');\n  if (!user.services.email.verificationTokens) {\n    user.services.email.verificationTokens = [];\n  }\n  user.services.email.verificationTokens.push(tokenRecord);\n\n  var verifyEmailUrl = Accounts.urls.verifyEmail(tokenRecord.token);\n\n  var options = {\n    to: address,\n    from: Accounts.emailTemplates.verifyEmail.from\n      ? Accounts.emailTemplates.verifyEmail.from(user)\n      : Accounts.emailTemplates.from,\n    subject: Accounts.emailTemplates.verifyEmail.subject(user)\n  };\n\n  if (typeof Accounts.emailTemplates.verifyEmail.text === 'function') {\n    options.text =\n      Accounts.emailTemplates.verifyEmail.text(user, verifyEmailUrl);\n  }\n\n  if (typeof Accounts.emailTemplates.verifyEmail.html === 'function')\n    options.html =\n      Accounts.emailTemplates.verifyEmail.html(user, verifyEmailUrl);\n\n  if (typeof Accounts.emailTemplates.headers === 'object') {\n    options.headers = Accounts.emailTemplates.headers;\n  }\n\n  Email.send(options);\n};\n\n// Take token from sendVerificationEmail, mark the email as verified,\n// and log them in.\nMeteor.methods({verifyEmail: function (token) {\n  var self = this;\n  return Accounts._loginMethod(\n    self,\n    \"verifyEmail\",\n    arguments,\n    \"password\",\n    function () {\n      check(token, String);\n\n      var user = Meteor.users.findOne(\n        {'services.email.verificationTokens.token': token});\n      if (!user)\n        throw new Meteor.Error(403, \"Verify email link expired\");\n\n      var tokenRecord = _.find(user.services.email.verificationTokens,\n                               function (t) {\n                                 return t.token == token;\n                               });\n      if (!tokenRecord)\n        return {\n          userId: user._id,\n          error: new Meteor.Error(403, \"Verify email link expired\")\n        };\n\n      var emailsRecord = _.find(user.emails, function (e) {\n        return e.address == tokenRecord.address;\n      });\n      if (!emailsRecord)\n        return {\n          userId: user._id,\n          error: new Meteor.Error(403, \"Verify email link is for unknown address\")\n        };\n\n      // By including the address in the query, we can use 'emails.$' in the\n      // modifier to get a reference to the specific object in the emails\n      // array. See\n      // http://www.mongodb.org/display/DOCS/Updating/#Updating-The%24positionaloperator)\n      // http://www.mongodb.org/display/DOCS/Updating#Updating-%24pull\n      Meteor.users.update(\n        {_id: user._id,\n         'emails.address': tokenRecord.address},\n        {$set: {'emails.$.verified': true},\n         $pull: {'services.email.verificationTokens': {address: tokenRecord.address}}});\n\n      return {userId: user._id};\n    }\n  );\n}});\n\n/**\n * @summary Add an email address for a user. Use this instead of directly\n * updating the database. The operation will fail if there is a different user\n * with an email only differing in case. If the specified user has an existing\n * email only differing in case however, we replace it.\n * @locus Server\n * @param {String} userId The ID of the user to update.\n * @param {String} newEmail A new email address for the user.\n * @param {Boolean} [verified] Optional - whether the new email address should\n * be marked as verified. Defaults to false.\n * @importFromPackage accounts-base\n */\nAccounts.addEmail = function (userId, newEmail, verified) {\n  check(userId, NonEmptyString);\n  check(newEmail, NonEmptyString);\n  check(verified, Match.Optional(Boolean));\n\n  if (_.isUndefined(verified)) {\n    verified = false;\n  }\n\n  var user = Meteor.users.findOne(userId);\n  if (!user)\n    throw new Meteor.Error(403, \"User not found\");\n\n  // Allow users to change their own email to a version with a different case\n\n  // We don't have to call checkForCaseInsensitiveDuplicates to do a case\n  // insensitive check across all emails in the database here because: (1) if\n  // there is no case-insensitive duplicate between this user and other users,\n  // then we are OK and (2) if this would create a conflict with other users\n  // then there would already be a case-insensitive duplicate and we can't fix\n  // that in this code anyway.\n  var caseInsensitiveRegExp =\n    new RegExp('^' + Meteor._escapeRegExp(newEmail) + '$', 'i');\n\n  var didUpdateOwnEmail = _.any(user.emails, function(email, index) {\n    if (caseInsensitiveRegExp.test(email.address)) {\n      Meteor.users.update({\n        _id: user._id,\n        'emails.address': email.address\n      }, {$set: {\n        'emails.$.address': newEmail,\n        'emails.$.verified': verified\n      }});\n      return true;\n    }\n\n    return false;\n  });\n\n  // In the other updates below, we have to do another call to\n  // checkForCaseInsensitiveDuplicates to make sure that no conflicting values\n  // were added to the database in the meantime. We don't have to do this for\n  // the case where the user is updating their email address to one that is the\n  // same as before, but only different because of capitalization. Read the\n  // big comment above to understand why.\n\n  if (didUpdateOwnEmail) {\n    return;\n  }\n\n  // Perform a case insensitive check for duplicates before update\n  checkForCaseInsensitiveDuplicates('emails.address', 'Email', newEmail, user._id);\n\n  Meteor.users.update({\n    _id: user._id\n  }, {\n    $addToSet: {\n      emails: {\n        address: newEmail,\n        verified: verified\n      }\n    }\n  });\n\n  // Perform another check after update, in case a matching user has been\n  // inserted in the meantime\n  try {\n    checkForCaseInsensitiveDuplicates('emails.address', 'Email', newEmail, user._id);\n  } catch (ex) {\n    // Undo update if the check fails\n    Meteor.users.update({_id: user._id},\n      {$pull: {emails: {address: newEmail}}});\n    throw ex;\n  }\n}\n\n/**\n * @summary Remove an email address for a user. Use this instead of updating\n * the database directly.\n * @locus Server\n * @param {String} userId The ID of the user to update.\n * @param {String} email The email address to remove.\n * @importFromPackage accounts-base\n */\nAccounts.removeEmail = function (userId, email) {\n  check(userId, NonEmptyString);\n  check(email, NonEmptyString);\n\n  var user = Meteor.users.findOne(userId);\n  if (!user)\n    throw new Meteor.Error(403, \"User not found\");\n\n  Meteor.users.update({_id: user._id},\n    {$pull: {emails: {address: email}}});\n}\n\n///\n/// CREATING USERS\n///\n\n// Shared createUser function called from the createUser method, both\n// if originates in client or server code. Calls user provided hooks,\n// does the actual user insertion.\n//\n// returns the user id\nvar createUser = function (options) {\n  // Unknown keys allowed, because a onCreateUserHook can take arbitrary\n  // options.\n  check(options, Match.ObjectIncluding({\n    username: Match.Optional(String),\n    email: Match.Optional(String),\n    password: Match.Optional(passwordValidator)\n  }));\n\n  var username = options.username;\n  var email = options.email;\n  if (!username && !email)\n    throw new Meteor.Error(400, \"Need to set a username or email\");\n\n  var user = {services: {}};\n  if (options.password) {\n    var hashed = hashPassword(options.password);\n    user.services.password = { bcrypt: hashed };\n  }\n\n  if (username)\n    user.username = username;\n  if (email)\n    user.emails = [{address: email, verified: false}];\n\n  // Perform a case insensitive check before insert\n  checkForCaseInsensitiveDuplicates('username', 'Username', username);\n  checkForCaseInsensitiveDuplicates('emails.address', 'Email', email);\n\n  var userId = Accounts.insertUserDoc(options, user);\n  // Perform another check after insert, in case a matching user has been\n  // inserted in the meantime\n  try {\n    checkForCaseInsensitiveDuplicates('username', 'Username', username, userId);\n    checkForCaseInsensitiveDuplicates('emails.address', 'Email', email, userId);\n  } catch (ex) {\n    // Remove inserted user if the check fails\n    Meteor.users.remove(userId);\n    throw ex;\n  }\n  return userId;\n};\n\n// method for create user. Requests come from the client.\nMeteor.methods({createUser: function (options) {\n  var self = this;\n  return Accounts._loginMethod(\n    self,\n    \"createUser\",\n    arguments,\n    \"password\",\n    function () {\n      // createUser() above does more checking.\n      check(options, Object);\n      if (Accounts._options.forbidClientAccountCreation)\n        return {\n          error: new Meteor.Error(403, \"Signups forbidden\")\n        };\n\n      // Create user. result contains id and token.\n      var userId = createUser(options);\n      // safety belt. createUser is supposed to throw on error. send 500 error\n      // instead of sending a verification email with empty userid.\n      if (! userId)\n        throw new Error(\"createUser failed to insert new user\");\n\n      // If `Accounts._options.sendVerificationEmail` is set, register\n      // a token to verify the user's primary email, and send it to\n      // that address.\n      if (options.email && Accounts._options.sendVerificationEmail)\n        Accounts.sendVerificationEmail(userId, options.email);\n\n      // client gets logged in as the new user afterwards.\n      return {userId: userId};\n    }\n  );\n}});\n\n// Create user directly on the server.\n//\n// Unlike the client version, this does not log you in as this user\n// after creation.\n//\n// returns userId or throws an error if it can't create\n//\n// XXX add another argument (\"server options\") that gets sent to onCreateUser,\n// which is always empty when called from the createUser method? eg, \"admin:\n// true\", which we want to prevent the client from setting, but which a custom\n// method calling Accounts.createUser could set?\n//\nAccounts.createUser = function (options, callback) {\n  options = _.clone(options);\n\n  // XXX allow an optional callback?\n  if (callback) {\n    throw new Error(\"Accounts.createUser with callback not supported on the server yet.\");\n  }\n\n  return createUser(options);\n};\n\n///\n/// PASSWORD-SPECIFIC INDEXES ON USERS\n///\nMeteor.users._ensureIndex('services.email.verificationTokens.token',\n                          {unique: 1, sparse: 1});\nMeteor.users._ensureIndex('services.password.reset.token',\n                          {unique: 1, sparse: 1});\n"]},"hash":"598c8eb3c113356fda3cdcbb95e20b54355294a6"}
