{"metadata":{"usedHelpers":[],"marked":[],"modules":{"imports":[],"exports":{"exported":[],"specifiers":[]}}},"options":{"filename":"/packages/mongo/collection.js","filenameRelative":"/packages/mongo/collection.js","env":{},"retainLines":false,"highlightCode":true,"suppressDeprecationMessages":false,"presets":[],"plugins":[[[],null],[[],null],[[],null],[[],null],[[],null],[[],null],[[],null],[[],{"polyfill":false}],[[],null],[[],null],[[],null],[[],null],[[],null],[[],null],[[],null],[[],null],[[],{"loose":true}],[[],{"loose":true}],[[],null],[[],{"loose":true}],[[],null],[[],null],[[],{"allowTopLevelThis":true,"strict":false,"loose":true}],[[],null],[[],null],[[],null],[[],null],[[],null],[[],{"loose":true}],[[],null],[[],null],[[],null],[[],null],[[],null],[[],null],[[],null],[[],null]],"ignore":[],"code":true,"metadata":true,"ast":false,"comments":true,"compact":false,"minified":false,"sourceMap":true,"sourceMaps":true,"sourceMapTarget":"/packages/mongo/collection.js.map","sourceFileName":"/packages/mongo/collection.js","babelrc":false,"sourceType":"module","moduleIds":false,"passPerPreset":false,"basename":"collection"},"ignored":false,"code":"// options.connection, if given, is a LivedataClient or LivedataServer\n// XXX presently there is no way to destroy/clean up a Collection\n\n/**\n * @summary Namespace for MongoDB-related items\n * @namespace\n */\nMongo = {};\n\n/**\n * @summary Constructor for a Collection\n * @locus Anywhere\n * @instancename collection\n * @class\n * @param {String} name The name of the collection.  If null, creates an unmanaged (unsynchronized) local collection.\n * @param {Object} [options]\n * @param {Object} options.connection The server connection that will manage this collection. Uses the default connection if not specified.  Pass the return value of calling [`DDP.connect`](#ddp_connect) to specify a different server. Pass `null` to specify no connection. Unmanaged (`name` is null) collections cannot specify a connection.\n * @param {String} options.idGeneration The method of generating the `_id` fields of new documents in this collection.  Possible values:\n\n - **`'STRING'`**: random strings\n - **`'MONGO'`**:  random [`Mongo.ObjectID`](#mongo_object_id) values\n\nThe default id generation technique is `'STRING'`.\n * @param {Function} options.transform An optional transformation function. Documents will be passed through this function before being returned from `fetch` or `findOne`, and before being passed to callbacks of `observe`, `map`, `forEach`, `allow`, and `deny`. Transforms are *not* applied for the callbacks of `observeChanges` or to cursors returned from publish functions.\n */\nMongo.Collection = function (name, options) {\n  var self = this;\n  if (!(self instanceof Mongo.Collection)) throw new Error('use \"new\" to construct a Mongo.Collection');\n\n  if (!name && name !== null) {\n    Meteor._debug(\"Warning: creating anonymous collection. It will not be \" + \"saved or synchronized over the network. (Pass null for \" + \"the collection name to turn off this warning.)\");\n    name = null;\n  }\n\n  if (name !== null && typeof name !== \"string\") {\n    throw new Error(\"First argument to new Mongo.Collection must be a string or null\");\n  }\n\n  if (options && options.methods) {\n    // Backwards compatibility hack with original signature (which passed\n    // \"connection\" directly instead of in options. (Connections must have a \"methods\"\n    // method.)\n    // XXX remove before 1.0\n    options = { connection: options };\n  }\n  // Backwards compatibility: \"connection\" used to be called \"manager\".\n  if (options && options.manager && !options.connection) {\n    options.connection = options.manager;\n  }\n  options = _.extend({\n    connection: undefined,\n    idGeneration: 'STRING',\n    transform: null,\n    _driver: undefined,\n    _preventAutopublish: false\n  }, options);\n\n  switch (options.idGeneration) {\n    case 'MONGO':\n      self._makeNewID = function () {\n        var src = name ? DDP.randomStream('/collection/' + name) : Random.insecure;\n        return new Mongo.ObjectID(src.hexString(24));\n      };\n      break;\n    case 'STRING':\n    default:\n      self._makeNewID = function () {\n        var src = name ? DDP.randomStream('/collection/' + name) : Random.insecure;\n        return src.id();\n      };\n      break;\n  }\n\n  self._transform = LocalCollection.wrapTransform(options.transform);\n\n  if (!name || options.connection === null)\n    // note: nameless collections never have a connection\n    self._connection = null;else if (options.connection) self._connection = options.connection;else if (Meteor.isClient) self._connection = Meteor.connection;else self._connection = Meteor.server;\n\n  if (!options._driver) {\n    // XXX This check assumes that webapp is loaded so that Meteor.server !==\n    // null. We should fully support the case of \"want to use a Mongo-backed\n    // collection from Node code without webapp\", but we don't yet.\n    // #MeteorServerNull\n    if (name && self._connection === Meteor.server && typeof MongoInternals !== \"undefined\" && MongoInternals.defaultRemoteCollectionDriver) {\n      options._driver = MongoInternals.defaultRemoteCollectionDriver();\n    } else {\n      options._driver = LocalCollectionDriver;\n    }\n  }\n\n  self._collection = options._driver.open(name, self._connection);\n  self._name = name;\n  self._driver = options._driver;\n\n  if (self._connection && self._connection.registerStore) {\n    // OK, we're going to be a slave, replicating some remote\n    // database, except possibly with some temporary divergence while\n    // we have unacknowledged RPC's.\n    var ok = self._connection.registerStore(name, {\n      // Called at the beginning of a batch of updates. batchSize is the number\n      // of update calls to expect.\n      //\n      // XXX This interface is pretty janky. reset probably ought to go back to\n      // being its own function, and callers shouldn't have to calculate\n      // batchSize. The optimization of not calling pause/remove should be\n      // delayed until later: the first call to update() should buffer its\n      // message, and then we can either directly apply it at endUpdate time if\n      // it was the only update, or do pauseObservers/apply/apply at the next\n      // update() if there's another one.\n      beginUpdate: function () {\n        function beginUpdate(batchSize, reset) {\n          // pause observers so users don't see flicker when updating several\n          // objects at once (including the post-reconnect reset-and-reapply\n          // stage), and so that a re-sorting of a query can take advantage of the\n          // full _diffQuery moved calculation instead of applying change one at a\n          // time.\n          if (batchSize > 1 || reset) self._collection.pauseObservers();\n\n          if (reset) self._collection.remove({});\n        }\n\n        return beginUpdate;\n      }(),\n\n      // Apply an update.\n      // XXX better specify this interface (not in terms of a wire message)?\n      update: function () {\n        function update(msg) {\n          var mongoId = MongoID.idParse(msg.id);\n          var doc = self._collection.findOne(mongoId);\n\n          // Is this a \"replace the whole doc\" message coming from the quiescence\n          // of method writes to an object? (Note that 'undefined' is a valid\n          // value meaning \"remove it\".)\n          if (msg.msg === 'replace') {\n            var replace = msg.replace;\n            if (!replace) {\n              if (doc) self._collection.remove(mongoId);\n            } else if (!doc) {\n              self._collection.insert(replace);\n            } else {\n              // XXX check that replace has no $ ops\n              self._collection.update(mongoId, replace);\n            }\n            return;\n          } else if (msg.msg === 'added') {\n            if (doc) {\n              throw new Error(\"Expected not to find a document already present for an add\");\n            }\n            self._collection.insert(_.extend({ _id: mongoId }, msg.fields));\n          } else if (msg.msg === 'removed') {\n            if (!doc) throw new Error(\"Expected to find a document already present for removed\");\n            self._collection.remove(mongoId);\n          } else if (msg.msg === 'changed') {\n            if (!doc) throw new Error(\"Expected to find a document to change\");\n            if (!_.isEmpty(msg.fields)) {\n              var modifier = {};\n              _.each(msg.fields, function (value, key) {\n                if (value === undefined) {\n                  if (!modifier.$unset) modifier.$unset = {};\n                  modifier.$unset[key] = 1;\n                } else {\n                  if (!modifier.$set) modifier.$set = {};\n                  modifier.$set[key] = value;\n                }\n              });\n              self._collection.update(mongoId, modifier);\n            }\n          } else {\n            throw new Error(\"I don't know how to deal with this message\");\n          }\n        }\n\n        return update;\n      }(),\n\n      // Called at the end of a batch of updates.\n      endUpdate: function () {\n        function endUpdate() {\n          self._collection.resumeObservers();\n        }\n\n        return endUpdate;\n      }(),\n\n      // Called around method stub invocations to capture the original versions\n      // of modified documents.\n      saveOriginals: function () {\n        function saveOriginals() {\n          self._collection.saveOriginals();\n        }\n\n        return saveOriginals;\n      }(),\n      retrieveOriginals: function () {\n        function retrieveOriginals() {\n          return self._collection.retrieveOriginals();\n        }\n\n        return retrieveOriginals;\n      }(),\n\n      // Used to preserve current versions of documents across a store reset.\n      getDoc: function () {\n        function getDoc(id) {\n          return self.findOne(id);\n        }\n\n        return getDoc;\n      }(),\n\n      // To be able to get back to the collection from the store.\n      _getCollection: function () {\n        function _getCollection() {\n          return self;\n        }\n\n        return _getCollection;\n      }()\n    });\n\n    if (!ok) throw new Error(\"There is already a collection named '\" + name + \"'\");\n  }\n\n  // XXX don't define these until allow or deny is actually used for this\n  // collection. Could be hard if the security rules are only defined on the\n  // server.\n  self._defineMutationMethods();\n\n  // autopublish\n  if (Package.autopublish && !options._preventAutopublish && self._connection && self._connection.publish) {\n    self._connection.publish(null, function () {\n      return self.find();\n    }, { is_auto: true });\n  }\n};\n\n///\n/// Main collection API\n///\n\n_.extend(Mongo.Collection.prototype, {\n\n  _getFindSelector: function () {\n    function _getFindSelector(args) {\n      if (args.length == 0) return {};else return args[0];\n    }\n\n    return _getFindSelector;\n  }(),\n\n  _getFindOptions: function () {\n    function _getFindOptions(args) {\n      var self = this;\n      if (args.length < 2) {\n        return { transform: self._transform };\n      } else {\n        check(args[1], Match.Optional(Match.ObjectIncluding({\n          fields: Match.Optional(Match.OneOf(Object, undefined)),\n          sort: Match.Optional(Match.OneOf(Object, Array, undefined)),\n          limit: Match.Optional(Match.OneOf(Number, undefined)),\n          skip: Match.Optional(Match.OneOf(Number, undefined))\n        })));\n\n        return _.extend({\n          transform: self._transform\n        }, args[1]);\n      }\n    }\n\n    return _getFindOptions;\n  }(),\n\n  /**\n   * @summary Find the documents in a collection that match the selector.\n   * @locus Anywhere\n   * @method find\n   * @memberOf Mongo.Collection\n   * @instance\n   * @param {MongoSelector} [selector] A query describing the documents to find\n   * @param {Object} [options]\n   * @param {MongoSortSpecifier} options.sort Sort order (default: natural order)\n   * @param {Number} options.skip Number of results to skip at the beginning\n   * @param {Number} options.limit Maximum number of results to return\n   * @param {MongoFieldSpecifier} options.fields Dictionary of fields to return or exclude.\n   * @param {Boolean} options.reactive (Client only) Default `true`; pass `false` to disable reactivity\n   * @param {Function} options.transform Overrides `transform` on the  [`Collection`](#collections) for this cursor.  Pass `null` to disable transformation.\n   * @param {Boolean} options.disableOplog (Server only) Pass true to disable oplog-tailing on this query. This affects the way server processes calls to `observe` on this query. Disabling the oplog can be useful when working with data that updates in large batches.\n   * @param {Number} options.pollingIntervalMs (Server only) How often to poll this query when observing on the server. In milliseconds. Defaults to 10 seconds.\n   * @param {Number} options.pollingThrottleMs (Server only) Minimum time to allow between re-polling. Increasing this will save CPU and mongo load at the expense of slower updates to users. Decreasing this is not recommended. In milliseconds. Defaults to 50 milliseconds.\n   * @returns {Mongo.Cursor}\n   */\n  find: function () {\n    function find() /* selector, options */{\n      // Collection.find() (return all docs) behaves differently\n      // from Collection.find(undefined) (return 0 docs).  so be\n      // careful about the length of arguments.\n      var self = this;\n      var argArray = _.toArray(arguments);\n      return self._collection.find(self._getFindSelector(argArray), self._getFindOptions(argArray));\n    }\n\n    return find;\n  }(),\n\n  /**\n   * @summary Finds the first document that matches the selector, as ordered by sort and skip options.\n   * @locus Anywhere\n   * @method findOne\n   * @memberOf Mongo.Collection\n   * @instance\n   * @param {MongoSelector} [selector] A query describing the documents to find\n   * @param {Object} [options]\n   * @param {MongoSortSpecifier} options.sort Sort order (default: natural order)\n   * @param {Number} options.skip Number of results to skip at the beginning\n   * @param {MongoFieldSpecifier} options.fields Dictionary of fields to return or exclude.\n   * @param {Boolean} options.reactive (Client only) Default true; pass false to disable reactivity\n   * @param {Function} options.transform Overrides `transform` on the [`Collection`](#collections) for this cursor.  Pass `null` to disable transformation.\n   * @returns {Object}\n   */\n  findOne: function () {\n    function findOne() /* selector, options */{\n      var self = this;\n      var argArray = _.toArray(arguments);\n      return self._collection.findOne(self._getFindSelector(argArray), self._getFindOptions(argArray));\n    }\n\n    return findOne;\n  }()\n\n});\n\nMongo.Collection._publishCursor = function (cursor, sub, collection) {\n  var observeHandle = cursor.observeChanges({\n    added: function () {\n      function added(id, fields) {\n        sub.added(collection, id, fields);\n      }\n\n      return added;\n    }(),\n    changed: function () {\n      function changed(id, fields) {\n        sub.changed(collection, id, fields);\n      }\n\n      return changed;\n    }(),\n    removed: function () {\n      function removed(id) {\n        sub.removed(collection, id);\n      }\n\n      return removed;\n    }()\n  });\n\n  // We don't call sub.ready() here: it gets called in livedata_server, after\n  // possibly calling _publishCursor on multiple returned cursors.\n\n  // register stop callback (expects lambda w/ no args).\n  sub.onStop(function () {\n    observeHandle.stop();\n  });\n\n  // return the observeHandle in case it needs to be stopped early\n  return observeHandle;\n};\n\n// protect against dangerous selectors.  falsey and {_id: falsey} are both\n// likely programmer error, and not what you want, particularly for destructive\n// operations.  JS regexps don't serialize over DDP but can be trivially\n// replaced by $regex.\nMongo.Collection._rewriteSelector = function (selector) {\n  // shorthand -- scalars match _id\n  if (LocalCollection._selectorIsId(selector)) selector = { _id: selector };\n\n  if (_.isArray(selector)) {\n    // This is consistent with the Mongo console itself; if we don't do this\n    // check passing an empty array ends up selecting all items\n    throw new Error(\"Mongo selector can't be an array.\");\n  }\n\n  if (!selector || '_id' in selector && !selector._id)\n    // can't match anything\n    return { _id: Random.id() };\n\n  var ret = {};\n  _.each(selector, function (value, key) {\n    // Mongo supports both {field: /foo/} and {field: {$regex: /foo/}}\n    if (value instanceof RegExp) {\n      ret[key] = convertRegexpToMongoSelector(value);\n    } else if (value && value.$regex instanceof RegExp) {\n      ret[key] = convertRegexpToMongoSelector(value.$regex);\n      // if value is {$regex: /foo/, $options: ...} then $options\n      // override the ones set on $regex.\n      if (value.$options !== undefined) ret[key].$options = value.$options;\n    } else if (_.contains(['$or', '$and', '$nor'], key)) {\n      // Translate lower levels of $and/$or/$nor\n      ret[key] = _.map(value, function (v) {\n        return Mongo.Collection._rewriteSelector(v);\n      });\n    } else {\n      ret[key] = value;\n    }\n  });\n  return ret;\n};\n\n// convert a JS RegExp object to a Mongo {$regex: ..., $options: ...}\n// selector\nfunction convertRegexpToMongoSelector(regexp) {\n  check(regexp, RegExp); // safety belt\n\n  var selector = { $regex: regexp.source };\n  var regexOptions = '';\n  // JS RegExp objects support 'i', 'm', and 'g'. Mongo regex $options\n  // support 'i', 'm', 'x', and 's'. So we support 'i' and 'm' here.\n  if (regexp.ignoreCase) regexOptions += 'i';\n  if (regexp.multiline) regexOptions += 'm';\n  if (regexOptions) selector.$options = regexOptions;\n\n  return selector;\n};\n\n// 'insert' immediately returns the inserted document's new _id.\n// The others return values immediately if you are in a stub, an in-memory\n// unmanaged collection, or a mongo-backed collection and you don't pass a\n// callback. 'update' and 'remove' return the number of affected\n// documents. 'upsert' returns an object with keys 'numberAffected' and, if an\n// insert happened, 'insertedId'.\n//\n// Otherwise, the semantics are exactly like other methods: they take\n// a callback as an optional last argument; if no callback is\n// provided, they block until the operation is complete, and throw an\n// exception if it fails; if a callback is provided, then they don't\n// necessarily block, and they call the callback when they finish with error and\n// result arguments.  (The insert method provides the document ID as its result;\n// update and remove provide the number of affected docs as the result; upsert\n// provides an object with numberAffected and maybe insertedId.)\n//\n// On the client, blocking is impossible, so if a callback\n// isn't provided, they just return immediately and any error\n// information is lost.\n//\n// There's one more tweak. On the client, if you don't provide a\n// callback, then if there is an error, a message will be logged with\n// Meteor._debug.\n//\n// The intent (though this is actually determined by the underlying\n// drivers) is that the operations should be done synchronously, not\n// generating their result until the database has acknowledged\n// them. In the future maybe we should provide a flag to turn this\n// off.\n\n/**\n * @summary Insert a document in the collection.  Returns its unique _id.\n * @locus Anywhere\n * @method  insert\n * @memberOf Mongo.Collection\n * @instance\n * @param {Object} doc The document to insert. May not yet have an _id attribute, in which case Meteor will generate one for you.\n * @param {Function} [callback] Optional.  If present, called with an error object as the first argument and, if no error, the _id as the second.\n */\nMongo.Collection.prototype.insert = function () {\n  function insert(doc, callback) {\n    // Make sure we were passed a document to insert\n    if (!doc) {\n      throw new Error(\"insert requires an argument\");\n    }\n\n    // Shallow-copy the document and possibly generate an ID\n    doc = _.extend({}, doc);\n\n    if ('_id' in doc) {\n      if (!doc._id || !(typeof doc._id === 'string' || doc._id instanceof Mongo.ObjectID)) {\n        throw new Error(\"Meteor requires document _id fields to be non-empty strings or ObjectIDs\");\n      }\n    } else {\n      var generateId = true;\n\n      // Don't generate the id if we're the client and the 'outermost' call\n      // This optimization saves us passing both the randomSeed and the id\n      // Passing both is redundant.\n      if (this._isRemoteCollection()) {\n        var enclosing = DDP._CurrentInvocation.get();\n        if (!enclosing) {\n          generateId = false;\n        }\n      }\n\n      if (generateId) {\n        doc._id = this._makeNewID();\n      }\n    }\n\n    // On inserts, always return the id that we generated; on all other\n    // operations, just return the result from the collection.\n    var chooseReturnValueFromCollectionResult = function () {\n      function chooseReturnValueFromCollectionResult(result) {\n        if (doc._id) {\n          return doc._id;\n        }\n\n        // XXX what is this for??\n        // It's some iteraction between the callback to _callMutatorMethod and\n        // the return value conversion\n        doc._id = result;\n\n        return result;\n      }\n\n      return chooseReturnValueFromCollectionResult;\n    }();\n\n    var wrappedCallback = wrapCallback(callback, chooseReturnValueFromCollectionResult);\n\n    if (this._isRemoteCollection()) {\n      var result = this._callMutatorMethod(\"insert\", [doc], wrappedCallback);\n      return chooseReturnValueFromCollectionResult(result);\n    }\n\n    // it's my collection.  descend into the collection object\n    // and propagate any exception.\n    try {\n      // If the user provided a callback and the collection implements this\n      // operation asynchronously, then queryRet will be undefined, and the\n      // result will be returned through the callback instead.\n      var _result = this._collection.insert(doc, wrappedCallback);\n      return chooseReturnValueFromCollectionResult(_result);\n    } catch (e) {\n      if (callback) {\n        callback(e);\n        return null;\n      }\n      throw e;\n    }\n  }\n\n  return insert;\n}();\n\n/**\n * @summary Modify one or more documents in the collection. Returns the number of affected documents.\n * @locus Anywhere\n * @method update\n * @memberOf Mongo.Collection\n * @instance\n * @param {MongoSelector} selector Specifies which documents to modify\n * @param {MongoModifier} modifier Specifies how to modify the documents\n * @param {Object} [options]\n * @param {Boolean} options.multi True to modify all matching documents; false to only modify one of the matching documents (the default).\n * @param {Boolean} options.upsert True to insert a document if no matching documents are found.\n * @param {Function} [callback] Optional.  If present, called with an error object as the first argument and, if no error, the number of affected documents as the second.\n */\nMongo.Collection.prototype.update = function () {\n  function update(selector, modifier) {\n    for (var _len = arguments.length, optionsAndCallback = Array(_len > 2 ? _len - 2 : 0), _key = 2; _key < _len; _key++) {\n      optionsAndCallback[_key - 2] = arguments[_key];\n    }\n\n    var callback = popCallbackFromArgs(optionsAndCallback);\n\n    selector = Mongo.Collection._rewriteSelector(selector);\n\n    // We've already popped off the callback, so we are left with an array\n    // of one or zero items\n    var options = _.clone(optionsAndCallback[0]) || {};\n    if (options && options.upsert) {\n      // set `insertedId` if absent.  `insertedId` is a Meteor extension.\n      if (options.insertedId) {\n        if (!(typeof options.insertedId === 'string' || options.insertedId instanceof Mongo.ObjectID)) throw new Error(\"insertedId must be string or ObjectID\");\n      } else if (!selector._id) {\n        options.insertedId = this._makeNewID();\n      }\n    }\n\n    var wrappedCallback = wrapCallback(callback);\n\n    if (this._isRemoteCollection()) {\n      var args = [selector, modifier, options];\n\n      return this._callMutatorMethod(\"update\", args, wrappedCallback);\n    }\n\n    // it's my collection.  descend into the collection object\n    // and propagate any exception.\n    try {\n      // If the user provided a callback and the collection implements this\n      // operation asynchronously, then queryRet will be undefined, and the\n      // result will be returned through the callback instead.\n      return this._collection.update(selector, modifier, options, wrappedCallback);\n    } catch (e) {\n      if (callback) {\n        callback(e);\n        return null;\n      }\n      throw e;\n    }\n  }\n\n  return update;\n}();\n\n/**\n * @summary Remove documents from the collection\n * @locus Anywhere\n * @method remove\n * @memberOf Mongo.Collection\n * @instance\n * @param {MongoSelector} selector Specifies which documents to remove\n * @param {Function} [callback] Optional.  If present, called with an error object as its argument.\n */\nMongo.Collection.prototype.remove = function () {\n  function remove(selector, callback) {\n    selector = Mongo.Collection._rewriteSelector(selector);\n\n    var wrappedCallback = wrapCallback(callback);\n\n    if (this._isRemoteCollection()) {\n      return this._callMutatorMethod(\"remove\", [selector], wrappedCallback);\n    }\n\n    // it's my collection.  descend into the collection object\n    // and propagate any exception.\n    try {\n      // If the user provided a callback and the collection implements this\n      // operation asynchronously, then queryRet will be undefined, and the\n      // result will be returned through the callback instead.\n      return this._collection.remove(selector, wrappedCallback);\n    } catch (e) {\n      if (callback) {\n        callback(e);\n        return null;\n      }\n      throw e;\n    }\n  }\n\n  return remove;\n}();\n\n// Determine if this collection is simply a minimongo representation of a real\n// database on another server\nMongo.Collection.prototype._isRemoteCollection = function () {\n  function _isRemoteCollection() {\n    // XXX see #MeteorServerNull\n    return this._connection && this._connection !== Meteor.server;\n  }\n\n  return _isRemoteCollection;\n}();\n\n// Convert the callback to not return a result if there is an error\nfunction wrapCallback(callback, convertResult) {\n  if (!callback) {\n    return;\n  }\n\n  // If no convert function was passed in, just use a \"blank function\"\n  convertResult = convertResult || _.identity;\n\n  return function (error, result) {\n    callback(error, !error && convertResult(result));\n  };\n}\n\n/**\n * @summary Modify one or more documents in the collection, or insert one if no matching documents were found. Returns an object with keys `numberAffected` (the number of documents modified)  and `insertedId` (the unique _id of the document that was inserted, if any).\n * @locus Anywhere\n * @param {MongoSelector} selector Specifies which documents to modify\n * @param {MongoModifier} modifier Specifies how to modify the documents\n * @param {Object} [options]\n * @param {Boolean} options.multi True to modify all matching documents; false to only modify one of the matching documents (the default).\n * @param {Function} [callback] Optional.  If present, called with an error object as the first argument and, if no error, the number of affected documents as the second.\n */\nMongo.Collection.prototype.upsert = function () {\n  function upsert(selector, modifier, options, callback) {\n    if (!callback && typeof options === \"function\") {\n      callback = options;\n      options = {};\n    }\n\n    var updateOptions = _.extend({}, options, {\n      _returnObject: true,\n      upsert: true\n    });\n\n    return this.update(selector, modifier, updateOptions, callback);\n  }\n\n  return upsert;\n}();\n\n// We'll actually design an index API later. For now, we just pass through to\n// Mongo's, but make it synchronous.\nMongo.Collection.prototype._ensureIndex = function (index, options) {\n  var self = this;\n  if (!self._collection._ensureIndex) throw new Error(\"Can only call _ensureIndex on server collections\");\n  self._collection._ensureIndex(index, options);\n};\nMongo.Collection.prototype._dropIndex = function (index) {\n  var self = this;\n  if (!self._collection._dropIndex) throw new Error(\"Can only call _dropIndex on server collections\");\n  self._collection._dropIndex(index);\n};\nMongo.Collection.prototype._dropCollection = function () {\n  var self = this;\n  if (!self._collection.dropCollection) throw new Error(\"Can only call _dropCollection on server collections\");\n  self._collection.dropCollection();\n};\nMongo.Collection.prototype._createCappedCollection = function (byteSize, maxDocuments) {\n  var self = this;\n  if (!self._collection._createCappedCollection) throw new Error(\"Can only call _createCappedCollection on server collections\");\n  self._collection._createCappedCollection(byteSize, maxDocuments);\n};\n\n/**\n * @summary Returns the [`Collection`](http://mongodb.github.io/node-mongodb-native/1.4/api-generated/collection.html) object corresponding to this collection from the [npm `mongodb` driver module](https://www.npmjs.com/package/mongodb) which is wrapped by `Mongo.Collection`.\n * @locus Server\n */\nMongo.Collection.prototype.rawCollection = function () {\n  var self = this;\n  if (!self._collection.rawCollection) {\n    throw new Error(\"Can only call rawCollection on server collections\");\n  }\n  return self._collection.rawCollection();\n};\n\n/**\n * @summary Returns the [`Db`](http://mongodb.github.io/node-mongodb-native/1.4/api-generated/db.html) object corresponding to this collection's database connection from the [npm `mongodb` driver module](https://www.npmjs.com/package/mongodb) which is wrapped by `Mongo.Collection`.\n * @locus Server\n */\nMongo.Collection.prototype.rawDatabase = function () {\n  var self = this;\n  if (!(self._driver.mongo && self._driver.mongo.db)) {\n    throw new Error(\"Can only call rawDatabase on server collections\");\n  }\n  return self._driver.mongo.db;\n};\n\n/**\n * @summary Create a Mongo-style `ObjectID`.  If you don't specify a `hexString`, the `ObjectID` will generated randomly (not using MongoDB's ID construction rules).\n * @locus Anywhere\n * @class\n * @param {String} [hexString] Optional.  The 24-character hexadecimal contents of the ObjectID to create\n */\nMongo.ObjectID = MongoID.ObjectID;\n\n/**\n * @summary To create a cursor, use find. To access the documents in a cursor, use forEach, map, or fetch.\n * @class\n * @instanceName cursor\n */\nMongo.Cursor = LocalCollection.Cursor;\n\n/**\n * @deprecated in 0.9.1\n */\nMongo.Collection.Cursor = Mongo.Cursor;\n\n/**\n * @deprecated in 0.9.1\n */\nMongo.Collection.ObjectID = Mongo.ObjectID;\n\n/**\n * @deprecated in 0.9.1\n */\nMeteor.Collection = Mongo.Collection;\n\n// Allow deny stuff is now in the allow-deny package\n_.extend(Meteor.Collection.prototype, AllowDeny.CollectionPrototype);\n\nfunction popCallbackFromArgs(args) {\n  // Pull off any callback (or perhaps a 'callback' variable that was passed\n  // in undefined, like how 'upsert' does it).\n  if (args.length && (args[args.length - 1] === undefined || args[args.length - 1] instanceof Function)) {\n    return args.pop();\n  }\n}","ast":null,"map":{"version":3,"sources":["/packages/mongo/collection.js"],"names":[],"mappings":";;;;;;;AAOA,QAAQ,EAAR;;;;;;;;;;;;;;;;;;AAkBA,MAAM,UAAN,GAAmB,UAAU,IAAV,EAAgB,OAAhB,EAAyB;AAC1C,MAAI,OAAO,IAAP,CADsC;AAE1C,MAAI,EAAG,gBAAgB,MAAM,UAAN,CAAnB,EACF,MAAM,IAAI,KAAJ,CAAU,2CAAV,CAAN,CADF;;AAGA,MAAI,CAAC,IAAD,IAAU,SAAS,IAAT,EAAgB;AAC5B,WAAO,MAAP,CAAc,4DACA,yDADA,GAEA,gDAFA,CAAd,CAD4B;AAI5B,WAAO,IAAP,CAJ4B;GAA9B;;AAOA,MAAI,SAAS,IAAT,IAAiB,OAAO,IAAP,KAAgB,QAAhB,EAA0B;AAC7C,UAAM,IAAI,KAAJ,CACJ,iEADI,CAAN,CAD6C;GAA/C;;AAKA,MAAI,WAAW,QAAQ,OAAR,EAAiB;;;;;AAK9B,cAAU,EAAC,YAAY,OAAZ,EAAX,CAL8B;GAAhC;;AAjB0C,MAyBtC,WAAW,QAAQ,OAAR,IAAmB,CAAC,QAAQ,UAAR,EAAoB;AACrD,YAAQ,UAAR,GAAqB,QAAQ,OAAR,CADgC;GAAvD;AAGA,YAAU,EAAE,MAAF,CAAS;AACjB,gBAAY,SAAZ;AACA,kBAAc,QAAd;AACA,eAAW,IAAX;AACA,aAAS,SAAT;AACA,yBAAqB,KAArB;GALQ,EAMP,OANO,CAAV,CA5B0C;;AAoC1C,UAAQ,QAAQ,YAAR;AACR,SAAK,OAAL;AACE,WAAK,UAAL,GAAkB,YAAY;AAC5B,YAAI,MAAM,OACF,IAAI,YAAJ,CAAiB,iBAAiB,IAAjB,CADf,GAEF,OAAO,QAAP,CAHoB;AAI5B,eAAO,IAAI,MAAM,QAAN,CAAe,IAAI,SAAJ,CAAc,EAAd,CAAnB,CAAP,CAJ4B;OAAZ,CADpB;AAOE,YAPF;AADA,SASK,QAAL,CATA;AAUA;AACE,WAAK,UAAL,GAAkB,YAAY;AAC5B,YAAI,MAAM,OACF,IAAI,YAAJ,CAAiB,iBAAiB,IAAjB,CADf,GAEF,OAAO,QAAP,CAHoB;AAI5B,eAAO,IAAI,EAAJ,EAAP,CAJ4B;OAAZ,CADpB;AAOE,YAPF;AAVA,GApC0C;;AAwD1C,OAAK,UAAL,GAAkB,gBAAgB,aAAhB,CAA8B,QAAQ,SAAR,CAAhD,CAxD0C;;AA0D1C,MAAI,CAAE,IAAF,IAAU,QAAQ,UAAR,KAAuB,IAAvB;;AAEZ,SAAK,WAAL,GAAmB,IAAnB,CAFF,KAGK,IAAI,QAAQ,UAAR,EACP,KAAK,WAAL,GAAmB,QAAQ,UAAR,CADhB,KAEA,IAAI,OAAO,QAAP,EACP,KAAK,WAAL,GAAmB,OAAO,UAAP,CADhB,KAGH,KAAK,WAAL,GAAmB,OAAO,MAAP,CAHhB;;AAKL,MAAI,CAAC,QAAQ,OAAR,EAAiB;;;;;AAKpB,QAAI,QAAQ,KAAK,WAAL,KAAqB,OAAO,MAAP,IAC7B,OAAO,cAAP,KAA0B,WAA1B,IACA,eAAe,6BAAf,EAA8C;AAChD,cAAQ,OAAR,GAAkB,eAAe,6BAAf,EAAlB,CADgD;KAFlD,MAIO;AACL,cAAQ,OAAR,GAAkB,qBAAlB,CADK;KAJP;GALF;;AAcA,OAAK,WAAL,GAAmB,QAAQ,OAAR,CAAgB,IAAhB,CAAqB,IAArB,EAA2B,KAAK,WAAL,CAA9C,CAlF0C;AAmF1C,OAAK,KAAL,GAAa,IAAb,CAnF0C;AAoF1C,OAAK,OAAL,GAAe,QAAQ,OAAR,CApF2B;;AAsF1C,MAAI,KAAK,WAAL,IAAoB,KAAK,WAAL,CAAiB,aAAjB,EAAgC;;;;AAItD,QAAI,KAAK,KAAK,WAAL,CAAiB,aAAjB,CAA+B,IAA/B,EAAqC;;;;;;;;;;;AAW5C;AAAa,6BAAU,SAAV,EAAqB,KAArB,EAA4B;;;;;;AAMvC,cAAI,YAAY,CAAZ,IAAiB,KAAjB,EACF,KAAK,WAAL,CAAiB,cAAjB,GADF;;AAGA,cAAI,KAAJ,EACE,KAAK,WAAL,CAAiB,MAAjB,CAAwB,EAAxB,EADF;SATW;;;SAAb;;;;AAeA;AAAQ,wBAAU,GAAV,EAAe;AACrB,cAAI,UAAU,QAAQ,OAAR,CAAgB,IAAI,EAAJ,CAA1B,CADiB;AAErB,cAAI,MAAM,KAAK,WAAL,CAAiB,OAAjB,CAAyB,OAAzB,CAAN;;;;;AAFiB,cAOjB,IAAI,GAAJ,KAAY,SAAZ,EAAuB;AACzB,gBAAI,UAAU,IAAI,OAAJ,CADW;AAEzB,gBAAI,CAAC,OAAD,EAAU;AACZ,kBAAI,GAAJ,EACE,KAAK,WAAL,CAAiB,MAAjB,CAAwB,OAAxB,EADF;aADF,MAGO,IAAI,CAAC,GAAD,EAAM;AACf,mBAAK,WAAL,CAAiB,MAAjB,CAAwB,OAAxB,EADe;aAAV,MAEA;;AAEL,mBAAK,WAAL,CAAiB,MAAjB,CAAwB,OAAxB,EAAiC,OAAjC,EAFK;aAFA;AAMP,mBAXyB;WAA3B,MAYO,IAAI,IAAI,GAAJ,KAAY,OAAZ,EAAqB;AAC9B,gBAAI,GAAJ,EAAS;AACP,oBAAM,IAAI,KAAJ,CAAU,4DAAV,CAAN,CADO;aAAT;AAGA,iBAAK,WAAL,CAAiB,MAAjB,CAAwB,EAAE,MAAF,CAAS,EAAC,KAAK,OAAL,EAAV,EAAyB,IAAI,MAAJ,CAAjD,EAJ8B;WAAzB,MAKA,IAAI,IAAI,GAAJ,KAAY,SAAZ,EAAuB;AAChC,gBAAI,CAAC,GAAD,EACF,MAAM,IAAI,KAAJ,CAAU,yDAAV,CAAN,CADF;AAEA,iBAAK,WAAL,CAAiB,MAAjB,CAAwB,OAAxB,EAHgC;WAA3B,MAIA,IAAI,IAAI,GAAJ,KAAY,SAAZ,EAAuB;AAChC,gBAAI,CAAC,GAAD,EACF,MAAM,IAAI,KAAJ,CAAU,uCAAV,CAAN,CADF;AAEA,gBAAI,CAAC,EAAE,OAAF,CAAU,IAAI,MAAJ,CAAX,EAAwB;AAC1B,kBAAI,WAAW,EAAX,CADsB;AAE1B,gBAAE,IAAF,CAAO,IAAI,MAAJ,EAAY,UAAU,KAAV,EAAiB,GAAjB,EAAsB;AACvC,oBAAI,UAAU,SAAV,EAAqB;AACvB,sBAAI,CAAC,SAAS,MAAT,EACH,SAAS,MAAT,GAAkB,EAAlB,CADF;AAEA,2BAAS,MAAT,CAAgB,GAAhB,IAAuB,CAAvB,CAHuB;iBAAzB,MAIO;AACL,sBAAI,CAAC,SAAS,IAAT,EACH,SAAS,IAAT,GAAgB,EAAhB,CADF;AAEA,2BAAS,IAAT,CAAc,GAAd,IAAqB,KAArB,CAHK;iBAJP;eADiB,CAAnB,CAF0B;AAa1B,mBAAK,WAAL,CAAiB,MAAjB,CAAwB,OAAxB,EAAiC,QAAjC,EAb0B;aAA5B;WAHK,MAkBA;AACL,kBAAM,IAAI,KAAJ,CAAU,4CAAV,CAAN,CADK;WAlBA;SA5BD;;;SAAR;;;AAqDA;AAAW,6BAAY;AACrB,eAAK,WAAL,CAAiB,eAAjB,GADqB;SAAZ;;;SAAX;;;;AAMA;AAAe,iCAAY;AACzB,eAAK,WAAL,CAAiB,aAAjB,GADyB;SAAZ;;;SAAf;AAGA;AAAmB,qCAAY;AAC7B,iBAAO,KAAK,WAAL,CAAiB,iBAAjB,EAAP,CAD6B;SAAZ;;;SAAnB;;;AAKA;AAAQ,wBAAS,EAAT,EAAa;AACnB,iBAAO,KAAK,OAAL,CAAa,EAAb,CAAP,CADmB;SAAb;;;SAAR;;;AAKA;AAAgB,kCAAY;AAC1B,iBAAO,IAAP,CAD0B;SAAZ;;;SAAhB;KAlGO,CAAL,CAJkD;;AA2GtD,QAAI,CAAC,EAAD,EACF,MAAM,IAAI,KAAJ,CAAU,0CAA0C,IAA1C,GAAiD,GAAjD,CAAhB,CADF;GA3GF;;;;;AAtF0C,MAwM1C,CAAK,sBAAL;;;AAxM0C,MA2MtC,QAAQ,WAAR,IAAuB,CAAC,QAAQ,mBAAR,IAA+B,KAAK,WAAL,IACpD,KAAK,WAAL,CAAiB,OAAjB,EAA0B;AAC/B,SAAK,WAAL,CAAiB,OAAjB,CAAyB,IAAzB,EAA+B,YAAY;AACzC,aAAO,KAAK,IAAL,EAAP,CADyC;KAAZ,EAE5B,EAAC,SAAS,IAAT,EAFJ,EAD+B;GADjC;CA3MiB;;;;;;AAwNnB,EAAE,MAAF,CAAS,MAAM,UAAN,CAAiB,SAAjB,EAA4B;;AAEnC;AAAkB,8BAAU,IAAV,EAAgB;AAChC,UAAI,KAAK,MAAL,IAAe,CAAf,EACF,OAAO,EAAP,CADF,KAGE,OAAO,KAAK,CAAL,CAAP,CAHF;KADgB;;;KAAlB;;AAOA;AAAiB,6BAAU,IAAV,EAAgB;AAC/B,UAAI,OAAO,IAAP,CAD2B;AAE/B,UAAI,KAAK,MAAL,GAAc,CAAd,EAAiB;AACnB,eAAO,EAAE,WAAW,KAAK,UAAL,EAApB,CADmB;OAArB,MAEO;AACL,cAAM,KAAK,CAAL,CAAN,EAAe,MAAM,QAAN,CAAe,MAAM,eAAN,CAAsB;AAClD,kBAAQ,MAAM,QAAN,CAAe,MAAM,KAAN,CAAY,MAAZ,EAAoB,SAApB,CAAf,CAAR;AACA,gBAAM,MAAM,QAAN,CAAe,MAAM,KAAN,CAAY,MAAZ,EAAoB,KAApB,EAA2B,SAA3B,CAAf,CAAN;AACA,iBAAO,MAAM,QAAN,CAAe,MAAM,KAAN,CAAY,MAAZ,EAAoB,SAApB,CAAf,CAAP;AACA,gBAAM,MAAM,QAAN,CAAe,MAAM,KAAN,CAAY,MAAZ,EAAoB,SAApB,CAAf,CAAN;SAJ4B,CAAf,CAAf,EADK;;AAQL,eAAO,EAAE,MAAF,CAAS;AACd,qBAAW,KAAK,UAAL;SADN,EAEJ,KAAK,CAAL,CAFI,CAAP,CARK;OAFP;KAFe;;;KAAjB;;;;;;;;;;;;;;;;;;;;;AAqCA;AAAM,2CAAmC;;;;AAIvC,UAAI,OAAO,IAAP,CAJmC;AAKvC,UAAI,WAAW,EAAE,OAAF,CAAU,SAAV,CAAX,CALmC;AAMvC,aAAO,KAAK,WAAL,CAAiB,IAAjB,CAAsB,KAAK,gBAAL,CAAsB,QAAtB,CAAtB,EACsB,KAAK,eAAL,CAAqB,QAArB,CADtB,CAAP,CANuC;KAAnC;;;KAAN;;;;;;;;;;;;;;;;;AAyBA;AAAS,8CAAmC;AAC1C,UAAI,OAAO,IAAP,CADsC;AAE1C,UAAI,WAAW,EAAE,OAAF,CAAU,SAAV,CAAX,CAFsC;AAG1C,aAAO,KAAK,WAAL,CAAiB,OAAjB,CAAyB,KAAK,gBAAL,CAAsB,QAAtB,CAAzB,EACyB,KAAK,eAAL,CAAqB,QAArB,CADzB,CAAP,CAH0C;KAAnC;;;KAAT;;CAvEF;;AAgFA,MAAM,UAAN,CAAiB,cAAjB,GAAkC,UAAU,MAAV,EAAkB,GAAlB,EAAuB,UAAvB,EAAmC;AACnE,MAAI,gBAAgB,OAAO,cAAP,CAAsB;AACxC;AAAO,qBAAU,EAAV,EAAc,MAAd,EAAsB;AAC3B,YAAI,KAAJ,CAAU,UAAV,EAAsB,EAAtB,EAA0B,MAA1B,EAD2B;OAAtB;;;OAAP;AAGA;AAAS,uBAAU,EAAV,EAAc,MAAd,EAAsB;AAC7B,YAAI,OAAJ,CAAY,UAAZ,EAAwB,EAAxB,EAA4B,MAA5B,EAD6B;OAAtB;;;OAAT;AAGA;AAAS,uBAAU,EAAV,EAAc;AACrB,YAAI,OAAJ,CAAY,UAAZ,EAAwB,EAAxB,EADqB;OAAd;;;OAAT;GAPkB,CAAhB;;;;;;AAD+D,KAiBnE,CAAI,MAAJ,CAAW,YAAY;AAAC,kBAAc,IAAd,GAAD;GAAZ,CAAX;;;AAjBmE,SAoB5D,aAAP,CApBmE;CAAnC;;;;;;AA2BlC,MAAM,UAAN,CAAiB,gBAAjB,GAAoC,UAAU,QAAV,EAAoB;;AAEtD,MAAI,gBAAgB,aAAhB,CAA8B,QAA9B,CAAJ,EACE,WAAW,EAAC,KAAK,QAAL,EAAZ,CADF;;AAGA,MAAI,EAAE,OAAF,CAAU,QAAV,CAAJ,EAAyB;;;AAGvB,UAAM,IAAI,KAAJ,CAAU,mCAAV,CAAN,CAHuB;GAAzB;;AAMA,MAAI,CAAC,QAAD,IAAc,KAAC,IAAS,QAAT,IAAsB,CAAC,SAAS,GAAT;;AAExC,WAAO,EAAC,KAAK,OAAO,EAAP,EAAL,EAAR,CAFF;;AAIA,MAAI,MAAM,EAAN,CAfkD;AAgBtD,IAAE,IAAF,CAAO,QAAP,EAAiB,UAAU,KAAV,EAAiB,GAAjB,EAAsB;;AAErC,QAAI,iBAAiB,MAAjB,EAAyB;AAC3B,UAAI,GAAJ,IAAW,6BAA6B,KAA7B,CAAX,CAD2B;KAA7B,MAEO,IAAI,SAAS,MAAM,MAAN,YAAwB,MAAxB,EAAgC;AAClD,UAAI,GAAJ,IAAW,6BAA6B,MAAM,MAAN,CAAxC;;;AADkD,UAI9C,MAAM,QAAN,KAAmB,SAAnB,EACF,IAAI,GAAJ,EAAS,QAAT,GAAoB,MAAM,QAAN,CADtB;KAJK,MAOF,IAAI,EAAE,QAAF,CAAW,CAAC,KAAD,EAAO,MAAP,EAAc,MAAd,CAAX,EAAkC,GAAlC,CAAJ,EAA4C;;AAE/C,UAAI,GAAJ,IAAW,EAAE,GAAF,CAAM,KAAN,EAAa,UAAU,CAAV,EAAa;AACnC,eAAO,MAAM,UAAN,CAAiB,gBAAjB,CAAkC,CAAlC,CAAP,CADmC;OAAb,CAAxB,CAF+C;KAA5C,MAKE;AACL,UAAI,GAAJ,IAAW,KAAX,CADK;KALF;GAXU,CAAjB,CAhBsD;AAoCtD,SAAO,GAAP,CApCsD;CAApB;;;;AAyCpC,SAAS,4BAAT,CAAsC,MAAtC,EAA8C;AAC5C,QAAM,MAAN,EAAc,MAAd;;AAD4C,MAGxC,WAAW,EAAC,QAAQ,OAAO,MAAP,EAApB,CAHwC;AAI5C,MAAI,eAAe,EAAf;;;AAJwC,MAOxC,OAAO,UAAP,EACF,gBAAgB,GAAhB,CADF;AAEA,MAAI,OAAO,SAAP,EACF,gBAAgB,GAAhB,CADF;AAEA,MAAI,YAAJ,EACE,SAAS,QAAT,GAAoB,YAApB,CADF;;AAGA,SAAO,QAAP,CAd4C;CAA9C;;;;;;;;;;;;;;;;;;;;;;;;;;;;;;;;;;;;;;;;;AAwDA,MAAM,UAAN,CAAiB,SAAjB,CAA2B,MAA3B;AAAoC,WAAS,MAAT,CAAgB,GAAhB,EAAqB,QAArB,EAA+B;;AAEjE,QAAI,CAAC,GAAD,EAAM;AACR,YAAM,IAAI,KAAJ,CAAU,6BAAV,CAAN,CADQ;KAAV;;;AAFiE,OAOjE,GAAM,EAAE,MAAF,CAAS,EAAT,EAAa,GAAb,CAAN,CAPiE;;AASjE,QAAI,SAAS,GAAT,EAAc;AAChB,UAAI,CAAC,IAAI,GAAJ,IAAW,EAAE,OAAO,IAAI,GAAJ,KAAY,QAAnB,IACT,IAAI,GAAJ,YAAmB,MAAM,QAAN,CADZ,EAC6B;AAC3C,cAAM,IAAI,KAAJ,CAAU,0EAAV,CAAN,CAD2C;OAD7C;KADF,MAKO;AACL,UAAI,aAAa,IAAb;;;;;AADC,UAMD,KAAK,mBAAL,EAAJ,EAAgC;AAC9B,YAAM,YAAY,IAAI,kBAAJ,CAAuB,GAAvB,EAAZ,CADwB;AAE9B,YAAI,CAAC,SAAD,EAAY;AACd,uBAAa,KAAb,CADc;SAAhB;OAFF;;AAOA,UAAI,UAAJ,EAAgB;AACd,YAAI,GAAJ,GAAU,KAAK,UAAL,EAAV,CADc;OAAhB;KAlBF;;;;AATiE,QAkC7D;AAAwC,eAAxC,qCAAwC,CAAU,MAAV,EAAkB;AAC5D,YAAI,IAAI,GAAJ,EAAS;AACX,iBAAO,IAAI,GAAJ,CADI;SAAb;;;;;AAD4D,WAQ5D,CAAI,GAAJ,GAAU,MAAV,CAR4D;;AAU5D,eAAO,MAAP,CAV4D;OAAlB;;aAAxC;OAAJ,CAlCiE;;AA+CjE,QAAM,kBAAkB,aACtB,QADsB,EACZ,qCADY,CAAlB,CA/C2D;;AAkDjE,QAAI,KAAK,mBAAL,EAAJ,EAAgC;AAC9B,UAAM,SAAS,KAAK,kBAAL,CAAwB,QAAxB,EAAkC,CAAC,GAAD,CAAlC,EAAyC,eAAzC,CAAT,CADwB;AAE9B,aAAO,sCAAsC,MAAtC,CAAP,CAF8B;KAAhC;;;;AAlDiE,QAyD7D;;;;AAIF,UAAM,UAAS,KAAK,WAAL,CAAiB,MAAjB,CAAwB,GAAxB,EAA6B,eAA7B,CAAT,CAJJ;AAKF,aAAO,sCAAsC,OAAtC,CAAP,CALE;KAAJ,CAME,OAAO,CAAP,EAAU;AACV,UAAI,QAAJ,EAAc;AACZ,iBAAS,CAAT,EADY;AAEZ,eAAO,IAAP,CAFY;OAAd;AAIA,YAAM,CAAN,CALU;KAAV;GA/DgC;;SAAS;GAA7C;;;;;;;;;;;;;;;AAqFA,MAAM,UAAN,CAAiB,SAAjB,CAA2B,MAA3B;AAAoC,WAAS,MAAT,CAAgB,QAAhB,EAA0B,QAA1B,EAA2D;sCAApB;;KAAoB;;AAC7F,QAAM,WAAW,oBAAoB,kBAApB,CAAX,CADuF;;AAG7F,eAAW,MAAM,UAAN,CAAiB,gBAAjB,CAAkC,QAAlC,CAAX;;;;AAH6F,QAOvF,UAAU,EAAE,KAAF,CAAQ,mBAAmB,CAAnB,CAAR,KAAkC,EAAlC,CAP6E;AAQ7F,QAAI,WAAW,QAAQ,MAAR,EAAgB;;AAE7B,UAAI,QAAQ,UAAR,EAAoB;AACtB,YAAI,EAAE,OAAO,QAAQ,UAAR,KAAuB,QAA9B,IACG,QAAQ,UAAR,YAA8B,MAAM,QAAN,CADnC,EAEF,MAAM,IAAI,KAAJ,CAAU,uCAAV,CAAN,CAFF;OADF,MAIO,IAAI,CAAE,SAAS,GAAT,EAAc;AACzB,gBAAQ,UAAR,GAAqB,KAAK,UAAL,EAArB,CADyB;OAApB;KANT;;AAWA,QAAM,kBAAkB,aAAa,QAAb,CAAlB,CAnBuF;;AAqB7F,QAAI,KAAK,mBAAL,EAAJ,EAAgC;AAC9B,UAAM,OAAO,CACX,QADW,EAEX,QAFW,EAGX,OAHW,CAAP,CADwB;;AAO9B,aAAO,KAAK,kBAAL,CAAwB,QAAxB,EAAkC,IAAlC,EAAwC,eAAxC,CAAP,CAP8B;KAAhC;;;;AArB6F,QAiCzF;;;;AAIF,aAAO,KAAK,WAAL,CAAiB,MAAjB,CACL,QADK,EACK,QADL,EACe,OADf,EACwB,eADxB,CAAP,CAJE;KAAJ,CAME,OAAO,CAAP,EAAU;AACV,UAAI,QAAJ,EAAc;AACZ,iBAAS,CAAT,EADY;AAEZ,eAAO,IAAP,CAFY;OAAd;AAIA,YAAM,CAAN,CALU;KAAV;GAvCgC;;SAAS;GAA7C;;;;;;;;;;;AAyDA,MAAM,UAAN,CAAiB,SAAjB,CAA2B,MAA3B;AAAoC,WAAS,MAAT,CAAgB,QAAhB,EAA0B,QAA1B,EAAoC;AACtE,eAAW,MAAM,UAAN,CAAiB,gBAAjB,CAAkC,QAAlC,CAAX,CADsE;;AAGtE,QAAM,kBAAkB,aAAa,QAAb,CAAlB,CAHgE;;AAKtE,QAAI,KAAK,mBAAL,EAAJ,EAAgC;AAC9B,aAAO,KAAK,kBAAL,CAAwB,QAAxB,EAAkC,CAAC,QAAD,CAAlC,EAA8C,eAA9C,CAAP,CAD8B;KAAhC;;;;AALsE,QAWlE;;;;AAIF,aAAO,KAAK,WAAL,CAAiB,MAAjB,CAAwB,QAAxB,EAAkC,eAAlC,CAAP,CAJE;KAAJ,CAKE,OAAO,CAAP,EAAU;AACV,UAAI,QAAJ,EAAc;AACZ,iBAAS,CAAT,EADY;AAEZ,eAAO,IAAP,CAFY;OAAd;AAIA,YAAM,CAAN,CALU;KAAV;GAhBgC;;SAAS;GAA7C;;;;AA2BA,MAAM,UAAN,CAAiB,SAAjB,CAA2B,mBAA3B;AAAiD,WAAS,mBAAT,GAA+B;;AAE9E,WAAO,KAAK,WAAL,IAAoB,KAAK,WAAL,KAAqB,OAAO,MAAP,CAF8B;GAA/B;;SAAS;GAA1D;;;AAMA,SAAS,YAAT,CAAsB,QAAtB,EAAgC,aAAhC,EAA+C;AAC7C,MAAI,CAAC,QAAD,EAAW;AACb,WADa;GAAf;;;AAD6C,eAM7C,GAAgB,iBAAiB,EAAE,QAAF,CANY;;AAQ7C,SAAO,UAAC,KAAD,EAAQ,MAAR,EAAmB;AACxB,aAAS,KAAT,EAAgB,CAAE,KAAF,IAAW,cAAc,MAAd,CAAX,CAAhB,CADwB;GAAnB,CARsC;CAA/C;;;;;;;;;;;AAsBA,MAAM,UAAN,CAAiB,SAAjB,CAA2B,MAA3B;AAAoC,WAAS,MAAT,CAChC,QADgC,EACtB,QADsB,EACZ,OADY,EACH,QADG,EACO;AACzC,QAAI,CAAE,QAAF,IAAc,OAAO,OAAP,KAAmB,UAAnB,EAA+B;AAC/C,iBAAW,OAAX,CAD+C;AAE/C,gBAAU,EAAV,CAF+C;KAAjD;;AAKA,QAAM,gBAAgB,EAAE,MAAF,CAAS,EAAT,EAAa,OAAb,EAAsB;AAC1C,qBAAe,IAAf;AACA,cAAQ,IAAR;KAFoB,CAAhB,CANmC;;AAWzC,WAAO,KAAK,MAAL,CAAY,QAAZ,EAAsB,QAAtB,EAAgC,aAAhC,EAA+C,QAA/C,CAAP,CAXyC;GADP;;SAAS;GAA7C;;;;AAiBA,MAAM,UAAN,CAAiB,SAAjB,CAA2B,YAA3B,GAA0C,UAAU,KAAV,EAAiB,OAAjB,EAA0B;AAClE,MAAI,OAAO,IAAP,CAD8D;AAElE,MAAI,CAAC,KAAK,WAAL,CAAiB,YAAjB,EACH,MAAM,IAAI,KAAJ,CAAU,kDAAV,CAAN,CADF;AAEA,OAAK,WAAL,CAAiB,YAAjB,CAA8B,KAA9B,EAAqC,OAArC,EAJkE;CAA1B;AAM1C,MAAM,UAAN,CAAiB,SAAjB,CAA2B,UAA3B,GAAwC,UAAU,KAAV,EAAiB;AACvD,MAAI,OAAO,IAAP,CADmD;AAEvD,MAAI,CAAC,KAAK,WAAL,CAAiB,UAAjB,EACH,MAAM,IAAI,KAAJ,CAAU,gDAAV,CAAN,CADF;AAEA,OAAK,WAAL,CAAiB,UAAjB,CAA4B,KAA5B,EAJuD;CAAjB;AAMxC,MAAM,UAAN,CAAiB,SAAjB,CAA2B,eAA3B,GAA6C,YAAY;AACvD,MAAI,OAAO,IAAP,CADmD;AAEvD,MAAI,CAAC,KAAK,WAAL,CAAiB,cAAjB,EACH,MAAM,IAAI,KAAJ,CAAU,qDAAV,CAAN,CADF;AAEA,OAAK,WAAL,CAAiB,cAAjB,GAJuD;CAAZ;AAM7C,MAAM,UAAN,CAAiB,SAAjB,CAA2B,uBAA3B,GAAqD,UAAU,QAAV,EAAoB,YAApB,EAAkC;AACrF,MAAI,OAAO,IAAP,CADiF;AAErF,MAAI,CAAC,KAAK,WAAL,CAAiB,uBAAjB,EACH,MAAM,IAAI,KAAJ,CAAU,6DAAV,CAAN,CADF;AAEA,OAAK,WAAL,CAAiB,uBAAjB,CAAyC,QAAzC,EAAmD,YAAnD,EAJqF;CAAlC;;;;;;AAWrD,MAAM,UAAN,CAAiB,SAAjB,CAA2B,aAA3B,GAA2C,YAAY;AACrD,MAAI,OAAO,IAAP,CADiD;AAErD,MAAI,CAAE,KAAK,WAAL,CAAiB,aAAjB,EAAgC;AACpC,UAAM,IAAI,KAAJ,CAAU,mDAAV,CAAN,CADoC;GAAtC;AAGA,SAAO,KAAK,WAAL,CAAiB,aAAjB,EAAP,CALqD;CAAZ;;;;;;AAY3C,MAAM,UAAN,CAAiB,SAAjB,CAA2B,WAA3B,GAAyC,YAAY;AACnD,MAAI,OAAO,IAAP,CAD+C;AAEnD,MAAI,EAAG,KAAK,OAAL,CAAa,KAAb,IAAsB,KAAK,OAAL,CAAa,KAAb,CAAmB,EAAnB,CAAzB,EAAiD;AACnD,UAAM,IAAI,KAAJ,CAAU,iDAAV,CAAN,CADmD;GAArD;AAGA,SAAO,KAAK,OAAL,CAAa,KAAb,CAAmB,EAAnB,CAL4C;CAAZ;;;;;;;;AAezC,MAAM,QAAN,GAAiB,QAAQ,QAAR;;;;;;;AAOjB,MAAM,MAAN,GAAe,gBAAgB,MAAhB;;;;;AAKf,MAAM,UAAN,CAAiB,MAAjB,GAA0B,MAAM,MAAN;;;;;AAK1B,MAAM,UAAN,CAAiB,QAAjB,GAA4B,MAAM,QAAN;;;;;AAK5B,OAAO,UAAP,GAAoB,MAAM,UAAN;;;AAGpB,EAAE,MAAF,CAAS,OAAO,UAAP,CAAkB,SAAlB,EAA6B,UAAU,mBAAV,CAAtC;;AAEA,SAAS,mBAAT,CAA6B,IAA7B,EAAmC;;;AAGjC,MAAI,KAAK,MAAL,KACC,KAAK,KAAK,MAAL,GAAc,CAAd,CAAL,KAA0B,SAA1B,IACA,KAAK,KAAK,MAAL,GAAc,CAAd,CAAL,YAAiC,QAAjC,CAFD,EAE6C;AAC/C,WAAO,KAAK,GAAL,EAAP,CAD+C;GAFjD;CAHF","file":"/packages/mongo/collection.js.map","sourcesContent":["// options.connection, if given, is a LivedataClient or LivedataServer\n// XXX presently there is no way to destroy/clean up a Collection\n\n/**\n * @summary Namespace for MongoDB-related items\n * @namespace\n */\nMongo = {};\n\n/**\n * @summary Constructor for a Collection\n * @locus Anywhere\n * @instancename collection\n * @class\n * @param {String} name The name of the collection.  If null, creates an unmanaged (unsynchronized) local collection.\n * @param {Object} [options]\n * @param {Object} options.connection The server connection that will manage this collection. Uses the default connection if not specified.  Pass the return value of calling [`DDP.connect`](#ddp_connect) to specify a different server. Pass `null` to specify no connection. Unmanaged (`name` is null) collections cannot specify a connection.\n * @param {String} options.idGeneration The method of generating the `_id` fields of new documents in this collection.  Possible values:\n\n - **`'STRING'`**: random strings\n - **`'MONGO'`**:  random [`Mongo.ObjectID`](#mongo_object_id) values\n\nThe default id generation technique is `'STRING'`.\n * @param {Function} options.transform An optional transformation function. Documents will be passed through this function before being returned from `fetch` or `findOne`, and before being passed to callbacks of `observe`, `map`, `forEach`, `allow`, and `deny`. Transforms are *not* applied for the callbacks of `observeChanges` or to cursors returned from publish functions.\n */\nMongo.Collection = function (name, options) {\n  var self = this;\n  if (! (self instanceof Mongo.Collection))\n    throw new Error('use \"new\" to construct a Mongo.Collection');\n\n  if (!name && (name !== null)) {\n    Meteor._debug(\"Warning: creating anonymous collection. It will not be \" +\n                  \"saved or synchronized over the network. (Pass null for \" +\n                  \"the collection name to turn off this warning.)\");\n    name = null;\n  }\n\n  if (name !== null && typeof name !== \"string\") {\n    throw new Error(\n      \"First argument to new Mongo.Collection must be a string or null\");\n  }\n\n  if (options && options.methods) {\n    // Backwards compatibility hack with original signature (which passed\n    // \"connection\" directly instead of in options. (Connections must have a \"methods\"\n    // method.)\n    // XXX remove before 1.0\n    options = {connection: options};\n  }\n  // Backwards compatibility: \"connection\" used to be called \"manager\".\n  if (options && options.manager && !options.connection) {\n    options.connection = options.manager;\n  }\n  options = _.extend({\n    connection: undefined,\n    idGeneration: 'STRING',\n    transform: null,\n    _driver: undefined,\n    _preventAutopublish: false\n  }, options);\n\n  switch (options.idGeneration) {\n  case 'MONGO':\n    self._makeNewID = function () {\n      var src = name\n            ? DDP.randomStream('/collection/' + name)\n            : Random.insecure;\n      return new Mongo.ObjectID(src.hexString(24));\n    };\n    break;\n  case 'STRING':\n  default:\n    self._makeNewID = function () {\n      var src = name\n            ? DDP.randomStream('/collection/' + name)\n            : Random.insecure;\n      return src.id();\n    };\n    break;\n  }\n\n  self._transform = LocalCollection.wrapTransform(options.transform);\n\n  if (! name || options.connection === null)\n    // note: nameless collections never have a connection\n    self._connection = null;\n  else if (options.connection)\n    self._connection = options.connection;\n  else if (Meteor.isClient)\n    self._connection = Meteor.connection;\n  else\n    self._connection = Meteor.server;\n\n  if (!options._driver) {\n    // XXX This check assumes that webapp is loaded so that Meteor.server !==\n    // null. We should fully support the case of \"want to use a Mongo-backed\n    // collection from Node code without webapp\", but we don't yet.\n    // #MeteorServerNull\n    if (name && self._connection === Meteor.server &&\n        typeof MongoInternals !== \"undefined\" &&\n        MongoInternals.defaultRemoteCollectionDriver) {\n      options._driver = MongoInternals.defaultRemoteCollectionDriver();\n    } else {\n      options._driver = LocalCollectionDriver;\n    }\n  }\n\n  self._collection = options._driver.open(name, self._connection);\n  self._name = name;\n  self._driver = options._driver;\n\n  if (self._connection && self._connection.registerStore) {\n    // OK, we're going to be a slave, replicating some remote\n    // database, except possibly with some temporary divergence while\n    // we have unacknowledged RPC's.\n    var ok = self._connection.registerStore(name, {\n      // Called at the beginning of a batch of updates. batchSize is the number\n      // of update calls to expect.\n      //\n      // XXX This interface is pretty janky. reset probably ought to go back to\n      // being its own function, and callers shouldn't have to calculate\n      // batchSize. The optimization of not calling pause/remove should be\n      // delayed until later: the first call to update() should buffer its\n      // message, and then we can either directly apply it at endUpdate time if\n      // it was the only update, or do pauseObservers/apply/apply at the next\n      // update() if there's another one.\n      beginUpdate: function (batchSize, reset) {\n        // pause observers so users don't see flicker when updating several\n        // objects at once (including the post-reconnect reset-and-reapply\n        // stage), and so that a re-sorting of a query can take advantage of the\n        // full _diffQuery moved calculation instead of applying change one at a\n        // time.\n        if (batchSize > 1 || reset)\n          self._collection.pauseObservers();\n\n        if (reset)\n          self._collection.remove({});\n      },\n\n      // Apply an update.\n      // XXX better specify this interface (not in terms of a wire message)?\n      update: function (msg) {\n        var mongoId = MongoID.idParse(msg.id);\n        var doc = self._collection.findOne(mongoId);\n\n        // Is this a \"replace the whole doc\" message coming from the quiescence\n        // of method writes to an object? (Note that 'undefined' is a valid\n        // value meaning \"remove it\".)\n        if (msg.msg === 'replace') {\n          var replace = msg.replace;\n          if (!replace) {\n            if (doc)\n              self._collection.remove(mongoId);\n          } else if (!doc) {\n            self._collection.insert(replace);\n          } else {\n            // XXX check that replace has no $ ops\n            self._collection.update(mongoId, replace);\n          }\n          return;\n        } else if (msg.msg === 'added') {\n          if (doc) {\n            throw new Error(\"Expected not to find a document already present for an add\");\n          }\n          self._collection.insert(_.extend({_id: mongoId}, msg.fields));\n        } else if (msg.msg === 'removed') {\n          if (!doc)\n            throw new Error(\"Expected to find a document already present for removed\");\n          self._collection.remove(mongoId);\n        } else if (msg.msg === 'changed') {\n          if (!doc)\n            throw new Error(\"Expected to find a document to change\");\n          if (!_.isEmpty(msg.fields)) {\n            var modifier = {};\n            _.each(msg.fields, function (value, key) {\n              if (value === undefined) {\n                if (!modifier.$unset)\n                  modifier.$unset = {};\n                modifier.$unset[key] = 1;\n              } else {\n                if (!modifier.$set)\n                  modifier.$set = {};\n                modifier.$set[key] = value;\n              }\n            });\n            self._collection.update(mongoId, modifier);\n          }\n        } else {\n          throw new Error(\"I don't know how to deal with this message\");\n        }\n\n      },\n\n      // Called at the end of a batch of updates.\n      endUpdate: function () {\n        self._collection.resumeObservers();\n      },\n\n      // Called around method stub invocations to capture the original versions\n      // of modified documents.\n      saveOriginals: function () {\n        self._collection.saveOriginals();\n      },\n      retrieveOriginals: function () {\n        return self._collection.retrieveOriginals();\n      },\n\n      // Used to preserve current versions of documents across a store reset.\n      getDoc: function(id) {\n        return self.findOne(id);\n      },\n      \n      // To be able to get back to the collection from the store.\n      _getCollection: function () {\n        return self;\n      }\n    });\n\n    if (!ok)\n      throw new Error(\"There is already a collection named '\" + name + \"'\");\n  }\n\n  // XXX don't define these until allow or deny is actually used for this\n  // collection. Could be hard if the security rules are only defined on the\n  // server.\n  self._defineMutationMethods();\n\n  // autopublish\n  if (Package.autopublish && !options._preventAutopublish && self._connection\n      && self._connection.publish) {\n    self._connection.publish(null, function () {\n      return self.find();\n    }, {is_auto: true});\n  }\n};\n\n///\n/// Main collection API\n///\n\n\n_.extend(Mongo.Collection.prototype, {\n\n  _getFindSelector: function (args) {\n    if (args.length == 0)\n      return {};\n    else\n      return args[0];\n  },\n\n  _getFindOptions: function (args) {\n    var self = this;\n    if (args.length < 2) {\n      return { transform: self._transform };\n    } else {\n      check(args[1], Match.Optional(Match.ObjectIncluding({\n        fields: Match.Optional(Match.OneOf(Object, undefined)),\n        sort: Match.Optional(Match.OneOf(Object, Array, undefined)),\n        limit: Match.Optional(Match.OneOf(Number, undefined)),\n        skip: Match.Optional(Match.OneOf(Number, undefined))\n     })));\n\n      return _.extend({\n        transform: self._transform\n      }, args[1]);\n    }\n  },\n\n  /**\n   * @summary Find the documents in a collection that match the selector.\n   * @locus Anywhere\n   * @method find\n   * @memberOf Mongo.Collection\n   * @instance\n   * @param {MongoSelector} [selector] A query describing the documents to find\n   * @param {Object} [options]\n   * @param {MongoSortSpecifier} options.sort Sort order (default: natural order)\n   * @param {Number} options.skip Number of results to skip at the beginning\n   * @param {Number} options.limit Maximum number of results to return\n   * @param {MongoFieldSpecifier} options.fields Dictionary of fields to return or exclude.\n   * @param {Boolean} options.reactive (Client only) Default `true`; pass `false` to disable reactivity\n   * @param {Function} options.transform Overrides `transform` on the  [`Collection`](#collections) for this cursor.  Pass `null` to disable transformation.\n   * @param {Boolean} options.disableOplog (Server only) Pass true to disable oplog-tailing on this query. This affects the way server processes calls to `observe` on this query. Disabling the oplog can be useful when working with data that updates in large batches.\n   * @param {Number} options.pollingIntervalMs (Server only) How often to poll this query when observing on the server. In milliseconds. Defaults to 10 seconds.\n   * @param {Number} options.pollingThrottleMs (Server only) Minimum time to allow between re-polling. Increasing this will save CPU and mongo load at the expense of slower updates to users. Decreasing this is not recommended. In milliseconds. Defaults to 50 milliseconds.\n   * @returns {Mongo.Cursor}\n   */\n  find: function (/* selector, options */) {\n    // Collection.find() (return all docs) behaves differently\n    // from Collection.find(undefined) (return 0 docs).  so be\n    // careful about the length of arguments.\n    var self = this;\n    var argArray = _.toArray(arguments);\n    return self._collection.find(self._getFindSelector(argArray),\n                                 self._getFindOptions(argArray));\n  },\n\n  /**\n   * @summary Finds the first document that matches the selector, as ordered by sort and skip options.\n   * @locus Anywhere\n   * @method findOne\n   * @memberOf Mongo.Collection\n   * @instance\n   * @param {MongoSelector} [selector] A query describing the documents to find\n   * @param {Object} [options]\n   * @param {MongoSortSpecifier} options.sort Sort order (default: natural order)\n   * @param {Number} options.skip Number of results to skip at the beginning\n   * @param {MongoFieldSpecifier} options.fields Dictionary of fields to return or exclude.\n   * @param {Boolean} options.reactive (Client only) Default true; pass false to disable reactivity\n   * @param {Function} options.transform Overrides `transform` on the [`Collection`](#collections) for this cursor.  Pass `null` to disable transformation.\n   * @returns {Object}\n   */\n  findOne: function (/* selector, options */) {\n    var self = this;\n    var argArray = _.toArray(arguments);\n    return self._collection.findOne(self._getFindSelector(argArray),\n                                    self._getFindOptions(argArray));\n  }\n\n});\n\nMongo.Collection._publishCursor = function (cursor, sub, collection) {\n  var observeHandle = cursor.observeChanges({\n    added: function (id, fields) {\n      sub.added(collection, id, fields);\n    },\n    changed: function (id, fields) {\n      sub.changed(collection, id, fields);\n    },\n    removed: function (id) {\n      sub.removed(collection, id);\n    }\n  });\n\n  // We don't call sub.ready() here: it gets called in livedata_server, after\n  // possibly calling _publishCursor on multiple returned cursors.\n\n  // register stop callback (expects lambda w/ no args).\n  sub.onStop(function () {observeHandle.stop();});\n\n  // return the observeHandle in case it needs to be stopped early\n  return observeHandle;\n};\n\n// protect against dangerous selectors.  falsey and {_id: falsey} are both\n// likely programmer error, and not what you want, particularly for destructive\n// operations.  JS regexps don't serialize over DDP but can be trivially\n// replaced by $regex.\nMongo.Collection._rewriteSelector = function (selector) {\n  // shorthand -- scalars match _id\n  if (LocalCollection._selectorIsId(selector))\n    selector = {_id: selector};\n\n  if (_.isArray(selector)) {\n    // This is consistent with the Mongo console itself; if we don't do this\n    // check passing an empty array ends up selecting all items\n    throw new Error(\"Mongo selector can't be an array.\");\n  }\n\n  if (!selector || (('_id' in selector) && !selector._id))\n    // can't match anything\n    return {_id: Random.id()};\n\n  var ret = {};\n  _.each(selector, function (value, key) {\n    // Mongo supports both {field: /foo/} and {field: {$regex: /foo/}}\n    if (value instanceof RegExp) {\n      ret[key] = convertRegexpToMongoSelector(value);\n    } else if (value && value.$regex instanceof RegExp) {\n      ret[key] = convertRegexpToMongoSelector(value.$regex);\n      // if value is {$regex: /foo/, $options: ...} then $options\n      // override the ones set on $regex.\n      if (value.$options !== undefined)\n        ret[key].$options = value.$options;\n    }\n    else if (_.contains(['$or','$and','$nor'], key)) {\n      // Translate lower levels of $and/$or/$nor\n      ret[key] = _.map(value, function (v) {\n        return Mongo.Collection._rewriteSelector(v);\n      });\n    } else {\n      ret[key] = value;\n    }\n  });\n  return ret;\n};\n\n// convert a JS RegExp object to a Mongo {$regex: ..., $options: ...}\n// selector\nfunction convertRegexpToMongoSelector(regexp) {\n  check(regexp, RegExp); // safety belt\n\n  var selector = {$regex: regexp.source};\n  var regexOptions = '';\n  // JS RegExp objects support 'i', 'm', and 'g'. Mongo regex $options\n  // support 'i', 'm', 'x', and 's'. So we support 'i' and 'm' here.\n  if (regexp.ignoreCase)\n    regexOptions += 'i';\n  if (regexp.multiline)\n    regexOptions += 'm';\n  if (regexOptions)\n    selector.$options = regexOptions;\n\n  return selector;\n};\n\n// 'insert' immediately returns the inserted document's new _id.\n// The others return values immediately if you are in a stub, an in-memory\n// unmanaged collection, or a mongo-backed collection and you don't pass a\n// callback. 'update' and 'remove' return the number of affected\n// documents. 'upsert' returns an object with keys 'numberAffected' and, if an\n// insert happened, 'insertedId'.\n//\n// Otherwise, the semantics are exactly like other methods: they take\n// a callback as an optional last argument; if no callback is\n// provided, they block until the operation is complete, and throw an\n// exception if it fails; if a callback is provided, then they don't\n// necessarily block, and they call the callback when they finish with error and\n// result arguments.  (The insert method provides the document ID as its result;\n// update and remove provide the number of affected docs as the result; upsert\n// provides an object with numberAffected and maybe insertedId.)\n//\n// On the client, blocking is impossible, so if a callback\n// isn't provided, they just return immediately and any error\n// information is lost.\n//\n// There's one more tweak. On the client, if you don't provide a\n// callback, then if there is an error, a message will be logged with\n// Meteor._debug.\n//\n// The intent (though this is actually determined by the underlying\n// drivers) is that the operations should be done synchronously, not\n// generating their result until the database has acknowledged\n// them. In the future maybe we should provide a flag to turn this\n// off.\n\n/**\n * @summary Insert a document in the collection.  Returns its unique _id.\n * @locus Anywhere\n * @method  insert\n * @memberOf Mongo.Collection\n * @instance\n * @param {Object} doc The document to insert. May not yet have an _id attribute, in which case Meteor will generate one for you.\n * @param {Function} [callback] Optional.  If present, called with an error object as the first argument and, if no error, the _id as the second.\n */\nMongo.Collection.prototype.insert = function insert(doc, callback) {\n  // Make sure we were passed a document to insert\n  if (!doc) {\n    throw new Error(\"insert requires an argument\");\n  }\n\n  // Shallow-copy the document and possibly generate an ID\n  doc = _.extend({}, doc);\n\n  if ('_id' in doc) {\n    if (!doc._id || !(typeof doc._id === 'string'\n          || doc._id instanceof Mongo.ObjectID)) {\n      throw new Error(\"Meteor requires document _id fields to be non-empty strings or ObjectIDs\");\n    }\n  } else {\n    let generateId = true;\n\n    // Don't generate the id if we're the client and the 'outermost' call\n    // This optimization saves us passing both the randomSeed and the id\n    // Passing both is redundant.\n    if (this._isRemoteCollection()) {\n      const enclosing = DDP._CurrentInvocation.get();\n      if (!enclosing) {\n        generateId = false;\n      }\n    }\n\n    if (generateId) {\n      doc._id = this._makeNewID();\n    }\n  }\n\n  // On inserts, always return the id that we generated; on all other\n  // operations, just return the result from the collection.\n  var chooseReturnValueFromCollectionResult = function (result) {\n    if (doc._id) {\n      return doc._id;\n    }\n\n    // XXX what is this for??\n    // It's some iteraction between the callback to _callMutatorMethod and\n    // the return value conversion\n    doc._id = result;\n\n    return result;\n  };\n\n  const wrappedCallback = wrapCallback(\n    callback, chooseReturnValueFromCollectionResult);\n\n  if (this._isRemoteCollection()) {\n    const result = this._callMutatorMethod(\"insert\", [doc], wrappedCallback);\n    return chooseReturnValueFromCollectionResult(result);\n  }\n\n  // it's my collection.  descend into the collection object\n  // and propagate any exception.\n  try {\n    // If the user provided a callback and the collection implements this\n    // operation asynchronously, then queryRet will be undefined, and the\n    // result will be returned through the callback instead.\n    const result = this._collection.insert(doc, wrappedCallback);\n    return chooseReturnValueFromCollectionResult(result);\n  } catch (e) {\n    if (callback) {\n      callback(e);\n      return null;\n    }\n    throw e;\n  }\n}\n\n/**\n * @summary Modify one or more documents in the collection. Returns the number of affected documents.\n * @locus Anywhere\n * @method update\n * @memberOf Mongo.Collection\n * @instance\n * @param {MongoSelector} selector Specifies which documents to modify\n * @param {MongoModifier} modifier Specifies how to modify the documents\n * @param {Object} [options]\n * @param {Boolean} options.multi True to modify all matching documents; false to only modify one of the matching documents (the default).\n * @param {Boolean} options.upsert True to insert a document if no matching documents are found.\n * @param {Function} [callback] Optional.  If present, called with an error object as the first argument and, if no error, the number of affected documents as the second.\n */\nMongo.Collection.prototype.update = function update(selector, modifier, ...optionsAndCallback) {\n  const callback = popCallbackFromArgs(optionsAndCallback);\n\n  selector = Mongo.Collection._rewriteSelector(selector);\n\n  // We've already popped off the callback, so we are left with an array\n  // of one or zero items\n  const options = _.clone(optionsAndCallback[0]) || {};\n  if (options && options.upsert) {\n    // set `insertedId` if absent.  `insertedId` is a Meteor extension.\n    if (options.insertedId) {\n      if (!(typeof options.insertedId === 'string'\n            || options.insertedId instanceof Mongo.ObjectID))\n        throw new Error(\"insertedId must be string or ObjectID\");\n    } else if (! selector._id) {\n      options.insertedId = this._makeNewID();\n    }\n  }\n\n  const wrappedCallback = wrapCallback(callback);\n\n  if (this._isRemoteCollection()) {\n    const args = [\n      selector,\n      modifier,\n      options\n    ];\n\n    return this._callMutatorMethod(\"update\", args, wrappedCallback);\n  }\n\n  // it's my collection.  descend into the collection object\n  // and propagate any exception.\n  try {\n    // If the user provided a callback and the collection implements this\n    // operation asynchronously, then queryRet will be undefined, and the\n    // result will be returned through the callback instead.\n    return this._collection.update(\n      selector, modifier, options, wrappedCallback);\n  } catch (e) {\n    if (callback) {\n      callback(e);\n      return null;\n    }\n    throw e;\n  }\n}\n\n/**\n * @summary Remove documents from the collection\n * @locus Anywhere\n * @method remove\n * @memberOf Mongo.Collection\n * @instance\n * @param {MongoSelector} selector Specifies which documents to remove\n * @param {Function} [callback] Optional.  If present, called with an error object as its argument.\n */\nMongo.Collection.prototype.remove = function remove(selector, callback) {\n  selector = Mongo.Collection._rewriteSelector(selector);\n\n  const wrappedCallback = wrapCallback(callback);\n\n  if (this._isRemoteCollection()) {\n    return this._callMutatorMethod(\"remove\", [selector], wrappedCallback);\n  }\n\n  // it's my collection.  descend into the collection object\n  // and propagate any exception.\n  try {\n    // If the user provided a callback and the collection implements this\n    // operation asynchronously, then queryRet will be undefined, and the\n    // result will be returned through the callback instead.\n    return this._collection.remove(selector, wrappedCallback);\n  } catch (e) {\n    if (callback) {\n      callback(e);\n      return null;\n    }\n    throw e;\n  }\n};\n\n// Determine if this collection is simply a minimongo representation of a real\n// database on another server\nMongo.Collection.prototype._isRemoteCollection = function _isRemoteCollection() {\n  // XXX see #MeteorServerNull\n  return this._connection && this._connection !== Meteor.server;\n}\n\n// Convert the callback to not return a result if there is an error\nfunction wrapCallback(callback, convertResult) {\n  if (!callback) {\n    return;\n  }\n\n  // If no convert function was passed in, just use a \"blank function\"\n  convertResult = convertResult || _.identity;\n\n  return (error, result) => {\n    callback(error, ! error && convertResult(result));\n  };\n}\n\n/**\n * @summary Modify one or more documents in the collection, or insert one if no matching documents were found. Returns an object with keys `numberAffected` (the number of documents modified)  and `insertedId` (the unique _id of the document that was inserted, if any).\n * @locus Anywhere\n * @param {MongoSelector} selector Specifies which documents to modify\n * @param {MongoModifier} modifier Specifies how to modify the documents\n * @param {Object} [options]\n * @param {Boolean} options.multi True to modify all matching documents; false to only modify one of the matching documents (the default).\n * @param {Function} [callback] Optional.  If present, called with an error object as the first argument and, if no error, the number of affected documents as the second.\n */\nMongo.Collection.prototype.upsert = function upsert(\n    selector, modifier, options, callback) {\n  if (! callback && typeof options === \"function\") {\n    callback = options;\n    options = {};\n  }\n\n  const updateOptions = _.extend({}, options, {\n    _returnObject: true,\n    upsert: true\n  });\n\n  return this.update(selector, modifier, updateOptions, callback);\n};\n\n// We'll actually design an index API later. For now, we just pass through to\n// Mongo's, but make it synchronous.\nMongo.Collection.prototype._ensureIndex = function (index, options) {\n  var self = this;\n  if (!self._collection._ensureIndex)\n    throw new Error(\"Can only call _ensureIndex on server collections\");\n  self._collection._ensureIndex(index, options);\n};\nMongo.Collection.prototype._dropIndex = function (index) {\n  var self = this;\n  if (!self._collection._dropIndex)\n    throw new Error(\"Can only call _dropIndex on server collections\");\n  self._collection._dropIndex(index);\n};\nMongo.Collection.prototype._dropCollection = function () {\n  var self = this;\n  if (!self._collection.dropCollection)\n    throw new Error(\"Can only call _dropCollection on server collections\");\n  self._collection.dropCollection();\n};\nMongo.Collection.prototype._createCappedCollection = function (byteSize, maxDocuments) {\n  var self = this;\n  if (!self._collection._createCappedCollection)\n    throw new Error(\"Can only call _createCappedCollection on server collections\");\n  self._collection._createCappedCollection(byteSize, maxDocuments);\n};\n\n/**\n * @summary Returns the [`Collection`](http://mongodb.github.io/node-mongodb-native/1.4/api-generated/collection.html) object corresponding to this collection from the [npm `mongodb` driver module](https://www.npmjs.com/package/mongodb) which is wrapped by `Mongo.Collection`.\n * @locus Server\n */\nMongo.Collection.prototype.rawCollection = function () {\n  var self = this;\n  if (! self._collection.rawCollection) {\n    throw new Error(\"Can only call rawCollection on server collections\");\n  }\n  return self._collection.rawCollection();\n};\n\n/**\n * @summary Returns the [`Db`](http://mongodb.github.io/node-mongodb-native/1.4/api-generated/db.html) object corresponding to this collection's database connection from the [npm `mongodb` driver module](https://www.npmjs.com/package/mongodb) which is wrapped by `Mongo.Collection`.\n * @locus Server\n */\nMongo.Collection.prototype.rawDatabase = function () {\n  var self = this;\n  if (! (self._driver.mongo && self._driver.mongo.db)) {\n    throw new Error(\"Can only call rawDatabase on server collections\");\n  }\n  return self._driver.mongo.db;\n};\n\n\n/**\n * @summary Create a Mongo-style `ObjectID`.  If you don't specify a `hexString`, the `ObjectID` will generated randomly (not using MongoDB's ID construction rules).\n * @locus Anywhere\n * @class\n * @param {String} [hexString] Optional.  The 24-character hexadecimal contents of the ObjectID to create\n */\nMongo.ObjectID = MongoID.ObjectID;\n\n/**\n * @summary To create a cursor, use find. To access the documents in a cursor, use forEach, map, or fetch.\n * @class\n * @instanceName cursor\n */\nMongo.Cursor = LocalCollection.Cursor;\n\n/**\n * @deprecated in 0.9.1\n */\nMongo.Collection.Cursor = Mongo.Cursor;\n\n/**\n * @deprecated in 0.9.1\n */\nMongo.Collection.ObjectID = Mongo.ObjectID;\n\n/**\n * @deprecated in 0.9.1\n */\nMeteor.Collection = Mongo.Collection;\n\n// Allow deny stuff is now in the allow-deny package\n_.extend(Meteor.Collection.prototype, AllowDeny.CollectionPrototype);\n\nfunction popCallbackFromArgs(args) {\n  // Pull off any callback (or perhaps a 'callback' variable that was passed\n  // in undefined, like how 'upsert' does it).\n  if (args.length &&\n      (args[args.length - 1] === undefined ||\n       args[args.length - 1] instanceof Function)) {\n    return args.pop();\n  }\n}\n"]},"hash":"6cc43a4fec2b4be35af505a461b84fa8567934d9"}
