{"metadata":{"usedHelpers":[],"marked":[],"modules":{"imports":[{"source":"./accounts_server.js","imported":["AccountsServer"],"specifiers":[{"kind":"named","imported":"AccountsServer","local":"AccountsServer"}]},{"source":"./accounts_rate_limit.js","imported":[],"specifiers":[]},{"source":"./url_server.js","imported":[],"specifiers":[]}],"exports":{"exported":["AccountsServer"],"specifiers":[{"kind":"local","local":"AccountsServer","exported":"AccountsServer"}]}}},"options":{"filename":"/packages/accounts-base/server_main.js","filenameRelative":"/packages/accounts-base/server_main.js","env":{},"retainLines":false,"highlightCode":true,"suppressDeprecationMessages":false,"presets":[],"plugins":[[[],null],[[],null],[[],null],[[],null],[[],null],[[],null],[[],null],[[],{"polyfill":false}],[[],null],[[],null],[[],null],[[],null],[[],null],[[],null],[[],null],[[],null],[[],{"loose":true}],[[],{"loose":true}],[[],null],[[],{"loose":true}],[[],null],[[],null],[[],{"allowTopLevelThis":true,"strict":false,"loose":true}],[[],null],[[],null],[[],null],[[],null],[[],null],[[],{"loose":true}],[[],null],[[],null],[[],null],[[],null],[[],null],[[],null],[[],null],[[],null]],"ignore":[],"code":true,"metadata":true,"ast":false,"comments":true,"compact":false,"minified":false,"sourceMap":true,"sourceMaps":true,"sourceMapTarget":"/packages/accounts-base/server_main.js.map","sourceFileName":"/packages/accounts-base/server_main.js","babelrc":false,"sourceType":"module","moduleIds":false,"passPerPreset":false,"basename":"server_main"},"ignored":false,"code":"exports.__esModule = true;\nexports.AccountsServer = undefined;\n\nvar _accounts_server = require(\"./accounts_server.js\");\n\nrequire(\"./accounts_rate_limit.js\");\n\nrequire(\"./url_server.js\");\n\n/**\n * @namespace Accounts\n * @summary The namespace for all server-side accounts-related methods.\n */\nAccounts = new _accounts_server.AccountsServer(Meteor.server);\n\n// Users table. Don't use the normal autopublish, since we want to hide\n// some fields. Code to autopublish this is in accounts_server.js.\n// XXX Allow users to configure this collection name.\n\n/**\n * @summary A [Mongo.Collection](#collections) containing user documents.\n * @locus Anywhere\n * @type {Mongo.Collection}\n * @importFromPackage meteor\n*/\nMeteor.users = Accounts.users;\n\nexports.\n// Since this file is the main module for the server version of the\n// accounts-base package, properties of non-entry-point modules need to\n// be re-exported in order to be accessible to modules that import the\n// accounts-base package.\nAccountsServer = _accounts_server.AccountsServer;","ast":null,"map":{"version":3,"sources":["/packages/accounts-base/server_main.js"],"names":[],"mappings":";;;AAAA;;AACA;;AACA;;;;;;AAMA,WAAW,oCAAmB,OAAO,MAAP,CAA9B;;;;;;;;;;;;AAYA,OAAO,KAAP,GAAe,SAAS,KAAT;;;;;;;AAOb","file":"/packages/accounts-base/server_main.js.map","sourcesContent":["import {AccountsServer} from \"./accounts_server.js\";\nimport \"./accounts_rate_limit.js\";\nimport \"./url_server.js\";\n\n/**\n * @namespace Accounts\n * @summary The namespace for all server-side accounts-related methods.\n */\nAccounts = new AccountsServer(Meteor.server);\n\n// Users table. Don't use the normal autopublish, since we want to hide\n// some fields. Code to autopublish this is in accounts_server.js.\n// XXX Allow users to configure this collection name.\n\n/**\n * @summary A [Mongo.Collection](#collections) containing user documents.\n * @locus Anywhere\n * @type {Mongo.Collection}\n * @importFromPackage meteor\n*/\nMeteor.users = Accounts.users;\n\nexport {\n  // Since this file is the main module for the server version of the\n  // accounts-base package, properties of non-entry-point modules need to\n  // be re-exported in order to be accessible to modules that import the\n  // accounts-base package.\n  AccountsServer\n};\n"]},"hash":"72312e0280ea7bb2b56ab0126b7d824c56ad61f7"}
