{"metadata":{"usedHelpers":[],"marked":[],"modules":{"imports":[],"exports":{"exported":[],"specifiers":[]}}},"options":{"filename":"/packages/mongo/collection_tests.js","filenameRelative":"/packages/mongo/collection_tests.js","env":{},"retainLines":false,"highlightCode":true,"suppressDeprecationMessages":false,"presets":[],"plugins":[[[],null],[[],null],[[],null],[[],null],[[],null],[[],null],[[],null],[[],{"polyfill":false}],[[],null],[[],null],[[],null],[[],null],[[],null],[[],null],[[],null],[[],null],[[],{"loose":true}],[[],{"loose":true}],[[],null],[[],{"loose":true}],[[],null],[[],null],[[],{"allowTopLevelThis":true,"strict":false,"loose":true}],[[],null],[[],null],[[],null],[[],null],[[],null],[[],{"loose":true}],[[],null],[[],null],[[],null],[[],null],[[],null],[[],null],[[],null],[[],null]],"ignore":[],"code":true,"metadata":true,"ast":false,"comments":true,"compact":false,"minified":false,"sourceMap":true,"sourceMaps":true,"sourceMapTarget":"/packages/mongo/collection_tests.js.map","sourceFileName":"/packages/mongo/collection_tests.js","babelrc":false,"sourceType":"module","moduleIds":false,"passPerPreset":false,"basename":"collection_tests"},"ignored":false,"code":"Tinytest.add('collection - call Mongo.Collection without new', function (test) {\n  test.throws(function () {\n    Mongo.Collection(null);\n  }, /use \"new\" to construct a Mongo\\.Collection/);\n});","ast":null,"map":{"version":3,"sources":["/packages/mongo/collection_tests.js"],"names":[],"mappings":"AAAA,SAAS,GAAT,CACE,gDADF,EAEE,UAAU,IAAV,EAAgB;AACd,OAAK,MAAL,CACE,YAAY;AACV,UAAM,UAAN,CAAiB,IAAjB,EADU;GAAZ,EAGA,4CAJF,EADc;CAAhB,CAFF","file":"/packages/mongo/collection_tests.js.map","sourcesContent":["Tinytest.add(\n  'collection - call Mongo.Collection without new',\n  function (test) {\n    test.throws(\n      function () {\n        Mongo.Collection(null);\n      },\n      /use \"new\" to construct a Mongo\\.Collection/\n    );\n  }\n);\n"]},"hash":"840feae9af38dd961d5e903790412469232f01e3"}
