{"metadata":{"usedHelpers":[],"marked":[],"modules":{"imports":[{"source":"meteor/templating","imported":["Template"],"specifiers":[{"kind":"named","imported":"Template","local":"Template"}]},{"source":"./main.html","imported":[],"specifiers":[]}],"exports":{"exported":[],"specifiers":[]}}},"options":{"filename":"/client/main.js","filenameRelative":"/client/main.js","env":{},"retainLines":false,"highlightCode":true,"suppressDeprecationMessages":false,"presets":[],"plugins":[[[],null],[[],null],[[],null],[[],null],[[],null],[[],null],[[],null],[[],{"polyfill":false}],[[],null],[[],null],[[],null],[[],null],[[],null],[[],null],[[],null],[[],null],[[],{"loose":true}],[[],{"loose":true}],[[],null],[[],{"loose":true}],[[],null],[[],null],[[],{"allowTopLevelThis":true,"strict":false,"loose":true}],[[],null],[[],null],[[],null],[[],null],[[],null],[[],{"loose":true}],[[],null],[[],null],[[],null],[[],null],[[],null],[[],null],[[],null],[[],null]],"ignore":[],"code":true,"metadata":true,"ast":false,"comments":true,"compact":false,"minified":false,"sourceMap":true,"sourceMaps":true,"sourceMapTarget":"/client/main.js.map","sourceFileName":"/client/main.js","babelrc":false,"sourceType":"module","moduleIds":false,"passPerPreset":false,"basename":"main"},"ignored":false,"code":"var _templating = require('meteor/templating');\n\nrequire('./main.html');\n\nTasks = new Mongo.Collection('tasks');\n\n_templating.Template.body.helpers({ //display list of tasks\n\n  tasks: function () {\n    function tasks() {\n      return Tasks.find({});\n    }\n\n    return tasks;\n  }()\n});\n\n_templating.Template.body.events({ //add new tasks\n\n  'submit .new-task': function () {\n    function submitNewTask(event) {\n      // Prevent default browser form submit\n      event.preventDefault();\n\n      // Get value from form element\n      var target = event.target;\n      var text = target.text.value;\n\n      // Insert a task into the collection\n      Tasks.insert({\n        text: text,\n        createdAt: new Date() });\n\n      // Clear form\n      // current time\n      target.text.value = '';\n    }\n\n    return submitNewTask;\n  }()\n});","ast":null,"map":{"version":3,"sources":["/client/main.js"],"names":[],"mappings":"AAEA;;AAEA;;AAJA,QAAQ,IAAI,MAAM,UAAN,CAAiB,OAArB,CAAR;;AAMA,qBAAS,IAAT,CAAc,OAAd,CAAsB;;AACpB;qBAAQ;AACP,aAAO,MAAM,IAAN,CAAW,EAAX,CAAP,CADO;;;;KADY;CAAtB;;AAMA,qBAAS,IAAT,CAAc,MAAd,CAAqB;;AACnB;2BAAmB,OAAO;;AAExB,YAAM,cAAN;;;AAFwB,UAKlB,SAAS,MAAM,MAAN,CALS;AAMxB,UAAM,OAAO,OAAO,IAAP,CAAY,KAAZ;;;AANW,WASxB,CAAM,MAAN,CAAa;AACX,kBADW;AAEX,mBAAW,IAAI,IAAJ,EAAX,EAFF;;;AATwB;AAexB,aAAO,IAAP,CAAY,KAAZ,GAAoB,EAApB,CAfwB;;;;KADP;CAArB","file":"/client/main.js.map","sourcesContent":["Tasks =\tnew Mongo.Collection('tasks');\n\nimport { Template } from 'meteor/templating';\n\nimport './main.html';\n\nTemplate.body.helpers({\t\t\t\t\t\t\t\t\t\t\t\t\t\t\t//display list of tasks\n  tasks() {\n  \treturn Tasks.find({});\n  },\n});\n\nTemplate.body.events({\t\t\t\t\t\t\t\t\t\t\t\t\t\t\t//add new tasks\n  'submit .new-task'(event) {\n    // Prevent default browser form submit\n    event.preventDefault();\n \n    // Get value from form element\n    const target = event.target;\n    const text = target.text.value;\n \n    // Insert a task into the collection\n    Tasks.insert({\n      text,\n      createdAt: new Date(), // current time\n    });\n \n    // Clear form\n    target.text.value = '';\n  },\n});"]},"hash":"9d5a637792498f820d6262aad48282d60df0ee38"}
