{"metadata":{"usedHelpers":[],"marked":[],"modules":{"imports":[{"source":"./accounts_client.js","imported":["AccountsClient"],"specifiers":[{"kind":"named","imported":"AccountsClient","local":"AccountsClient"}]},{"source":"./url_client.js","imported":["AccountsTest"],"specifiers":[{"kind":"named","imported":"AccountsTest","local":"AccountsTest"}]},{"source":"./localstorage_token.js","imported":[],"specifiers":[]}],"exports":{"exported":["AccountsClient","AccountsTest"],"specifiers":[{"kind":"local","local":"AccountsClient","exported":"AccountsClient"},{"kind":"local","local":"AccountsTest","exported":"AccountsTest"}]}}},"options":{"filename":"/packages/accounts-base/client_main.js","filenameRelative":"/packages/accounts-base/client_main.js","env":{},"retainLines":false,"highlightCode":true,"suppressDeprecationMessages":false,"presets":[],"plugins":[[[],null],[[],null],[[],null],[[],null],[[],null],[[],null],[[],null],[[],{"polyfill":false}],[[],null],[[],null],[[],null],[[],null],[[],null],[[],null],[[],null],[[],null],[[],{"loose":true}],[[],{"loose":true}],[[],null],[[],{"loose":true}],[[],null],[[],null],[[],{"allowTopLevelThis":true,"strict":false,"loose":true}],[[],null],[[],null],[[],null],[[],null],[[],null],[[],{"loose":true}],[[],null],[[],null],[[],null],[[],null],[[],null],[[],null],[[],null],[[],null]],"ignore":[],"code":true,"metadata":true,"ast":false,"comments":true,"compact":false,"minified":false,"sourceMap":true,"sourceMaps":true,"sourceMapTarget":"/packages/accounts-base/client_main.js.map","sourceFileName":"/packages/accounts-base/client_main.js","babelrc":false,"sourceType":"module","moduleIds":false,"passPerPreset":false,"basename":"client_main"},"ignored":false,"code":"exports.__esModule = true;\nexports.AccountsTest = exports.AccountsClient = undefined;\n\nvar _accounts_client = require(\"./accounts_client.js\");\n\nvar _url_client = require(\"./url_client.js\");\n\nrequire(\"./localstorage_token.js\");\n\n/**\n * @namespace Accounts\n * @summary The namespace for all client-side accounts-related methods.\n */\nAccounts = new _accounts_client.AccountsClient();\n\n/**\n * @summary A [Mongo.Collection](#collections) containing user documents.\n * @locus Anywhere\n * @type {Mongo.Collection}\n * @importFromPackage meteor\n */\nMeteor.users = Accounts.users;\n\nexports.\n// Since this file is the main module for the client version of the\n// accounts-base package, properties of non-entry-point modules need to\n// be re-exported in order to be accessible to modules that import the\n// accounts-base package.\nAccountsClient = _accounts_client.AccountsClient;\nexports.AccountsTest = _url_client.AccountsTest;","ast":null,"map":{"version":3,"sources":["/packages/accounts-base/client_main.js"],"names":[],"mappings":";;;AAAA;;AACA;;AACA;;;;;;AAMA,WAAW,qCAAX;;;;;;;;AAQA,OAAO,KAAP,GAAe,SAAS,KAAT;;;;;;;AAOb;QACA","file":"/packages/accounts-base/client_main.js.map","sourcesContent":["import {AccountsClient} from \"./accounts_client.js\";\nimport {AccountsTest} from \"./url_client.js\";\nimport \"./localstorage_token.js\";\n\n/**\n * @namespace Accounts\n * @summary The namespace for all client-side accounts-related methods.\n */\nAccounts = new AccountsClient();\n\n/**\n * @summary A [Mongo.Collection](#collections) containing user documents.\n * @locus Anywhere\n * @type {Mongo.Collection}\n * @importFromPackage meteor\n */\nMeteor.users = Accounts.users;\n\nexport {\n  // Since this file is the main module for the client version of the\n  // accounts-base package, properties of non-entry-point modules need to\n  // be re-exported in order to be accessible to modules that import the\n  // accounts-base package.\n  AccountsClient,\n  AccountsTest,\n};\n"]},"hash":"a84976f99f8c857d005558f31547a6911539aba0"}
