{"metadata":{"usedHelpers":[],"marked":[],"modules":{"imports":[{"source":"meteor/meteor","imported":["Meteor"],"specifiers":[{"kind":"named","imported":"Meteor","local":"Meteor"}]}],"exports":{"exported":[],"specifiers":[]}}},"options":{"filename":"/server/main.js","filenameRelative":"/server/main.js","env":{},"retainLines":false,"highlightCode":true,"suppressDeprecationMessages":false,"presets":[],"plugins":[[[],null],[[],null],[[],null],[[],null],[[],null],[[],null],[[],null],[[],{"polyfill":false}],[[],null],[[],null],[[],null],[[],null],[[],null],[[],null],[[],null],[[],null],[[],{"loose":true}],[[],{"loose":true}],[[],null],[[],{"loose":true}],[[],null],[[],null],[[],{"allowTopLevelThis":true,"strict":false,"loose":true}],[[],null],[[],null],[[],null],[[],null],[[],null],[[],{"loose":true}],[[],null],[[],null],[[],null],[[],null],[[],null],[[],null],[[],null],[[],null]],"ignore":[],"code":true,"metadata":true,"ast":false,"comments":true,"compact":false,"minified":false,"sourceMap":true,"sourceMaps":true,"sourceMapTarget":"/server/main.js.map","sourceFileName":"/server/main.js","babelrc":false,"sourceType":"module","moduleIds":false,"passPerPreset":false,"basename":"main"},"ignored":false,"code":"var _meteor = require('meteor/meteor');\n\nTasks = new Mongo.Collection('tasks');\n\n_meteor.Meteor.methods({\n  'tasks.insert': function () {\n    function tasksInsert(text) {\n      check(text, String);\n\n      // Make sure the user is logged in before inserting a task\n      if (!_meteor.Meteor.userId()) {\n        throw new _meteor.Meteor.Error('not-authorized');\n      }\n\n      Tasks.insert({\n        text: text,\n        createdAt: new Date(),\n        owner: _meteor.Meteor.userId(),\n        username: _meteor.Meteor.user().username\n      });\n    }\n\n    return tasksInsert;\n  }(),\n  'tasks.remove': function () {\n    function tasksRemove(taskId) {\n      check(taskId, String);\n\n      Tasks.remove(taskId);\n    }\n\n    return tasksRemove;\n  }(),\n  'tasks.setChecked': function () {\n    function tasksSetChecked(taskId, setChecked) {\n      check(taskId, String);\n      check(setChecked, Boolean);\n\n      Tasks.update(taskId, { $set: { checked: setChecked } });\n    }\n\n    return tasksSetChecked;\n  }()\n});","ast":null,"map":{"version":3,"sources":["/server/main.js"],"names":[],"mappings":"AAEA;;AAFA,QAAQ,IAAI,MAAM,UAAN,CAAiB,OAArB,CAAR;;AAKE,eAAO,OAAP,CAAe;AACf;yBAAe,MAAM;AACnB,YAAM,IAAN,EAAY,MAAZ;;;AADmB,UAIf,CAAE,eAAO,MAAP,EAAF,EAAmB;AACrB,cAAM,IAAI,eAAO,KAAP,CAAa,gBAAjB,CAAN,CADqB;OAAvB;;AAIA,YAAM,MAAN,CAAa;AACX,kBADW;AAEX,mBAAW,IAAI,IAAJ,EAAX;AACA,eAAO,eAAO,MAAP,EAAP;AACA,kBAAU,eAAO,IAAP,GAAc,QAAd;OAJZ,EARmB;;;;KADN;AAgBf;yBAAe,QAAQ;AACrB,YAAM,MAAN,EAAc,MAAd,EADqB;;AAGrB,YAAM,MAAN,CAAa,MAAb,EAHqB;;;;KAhBR;AAqBf;6BAAmB,QAAQ,YAAY;AACrC,YAAM,MAAN,EAAc,MAAd,EADqC;AAErC,YAAM,UAAN,EAAkB,OAAlB,EAFqC;;AAIrC,YAAM,MAAN,CAAa,MAAb,EAAqB,EAAE,MAAM,EAAE,SAAS,UAAT,EAAR,EAAvB,EAJqC;;;;KArBxB;CAAf","file":"/server/main.js.map","sourcesContent":["Tasks =\tnew Mongo.Collection('tasks');\n\nimport { Meteor } from 'meteor/meteor';\n\n\n  Meteor.methods({\n  'tasks.insert'(text) {\n    check(text, String);\n \n    // Make sure the user is logged in before inserting a task\n    if (! Meteor.userId()) {\n      throw new Meteor.Error('not-authorized');\n    }\n \n    Tasks.insert({\n      text,\n      createdAt: new Date(),\n      owner: Meteor.userId(),\n      username: Meteor.user().username,\n    });\n  },\n  'tasks.remove'(taskId) {\n    check(taskId, String);\n \n    Tasks.remove(taskId);\n  },\n  'tasks.setChecked'(taskId, setChecked) {\n    check(taskId, String);\n    check(setChecked, Boolean);\n \n    Tasks.update(taskId, { $set: { checked: setChecked } });\n  },\n});\n\n"]},"hash":"b0d4822e0205b6756bc552be83155fd5920b90e2"}
