{"metadata":{"usedHelpers":[],"marked":[],"modules":{"imports":[{"source":"meteor/accounts-base","imported":["AccountsTest"],"specifiers":[{"kind":"named","imported":"AccountsTest","local":"AccountsTest"}]}],"exports":{"exported":[],"specifiers":[]}}},"options":{"filename":"/packages/accounts-base/accounts_url_tests.js","filenameRelative":"/packages/accounts-base/accounts_url_tests.js","env":{},"retainLines":false,"highlightCode":true,"suppressDeprecationMessages":false,"presets":[],"plugins":[[[],null],[[],null],[[],null],[[],null],[[],null],[[],null],[[],null],[[],{"polyfill":false}],[[],null],[[],null],[[],null],[[],null],[[],null],[[],null],[[],null],[[],null],[[],{"loose":true}],[[],{"loose":true}],[[],null],[[],{"loose":true}],[[],null],[[],null],[[],{"allowTopLevelThis":true,"strict":false,"loose":true}],[[],null],[[],null],[[],null],[[],null],[[],null],[[],{"loose":true}],[[],null],[[],null],[[],null],[[],null],[[],null],[[],null],[[],null],[[],null]],"ignore":[],"code":true,"metadata":true,"ast":false,"comments":true,"compact":false,"minified":false,"sourceMap":true,"sourceMaps":true,"sourceMapTarget":"/packages/accounts-base/accounts_url_tests.js.map","sourceFileName":"/packages/accounts-base/accounts_url_tests.js","babelrc":false,"sourceType":"module","moduleIds":false,"passPerPreset":false,"basename":"accounts_url_tests"},"ignored":false,"code":"var _accountsBase = require(\"meteor/accounts-base\");\n\nTinytest.add(\"accounts - parse urls for accounts-password\", function (test) {\n  var actions = [\"reset-password\", \"verify-email\", \"enroll-account\"];\n\n  // make sure the callback was called the right number of times\n  var actionsParsed = [];\n\n  _.each(actions, function (hashPart) {\n    var fakeToken = \"asdf\";\n\n    var hashTokenOnly = \"#/\" + hashPart + \"/\" + fakeToken;\n    _accountsBase.AccountsTest.attemptToMatchHash(hashTokenOnly, function (token, action) {\n      test.equal(token, fakeToken);\n      test.equal(action, hashPart);\n\n      // XXX COMPAT WITH 0.9.3\n      if (hashPart === \"reset-password\") {\n        test.equal(Accounts._resetPasswordToken, fakeToken);\n      } else if (hashPart === \"verify-email\") {\n        test.equal(Accounts._verifyEmailToken, fakeToken);\n      } else if (hashPart === \"enroll-account\") {\n        test.equal(Accounts._enrollAccountToken, fakeToken);\n      }\n\n      // Reset variables for the next test\n      Accounts._resetPasswordToken = null;\n      Accounts._verifyEmailToken = null;\n      Accounts._enrollAccountToken = null;\n\n      actionsParsed.push(action);\n    });\n  });\n\n  // make sure each action is called once, in order\n  test.equal(actionsParsed, actions);\n});","ast":null,"map":{"version":3,"sources":["/packages/accounts-base/accounts_url_tests.js"],"names":[],"mappings":"AAAA;;AAEA,SAAS,GAAT,CAAa,6CAAb,EACE,UAAU,IAAV,EAAgB;AACd,MAAI,UAAU,CAAC,gBAAD,EAAmB,cAAnB,EAAmC,gBAAnC,CAAV;;;AADU,MAIV,gBAAgB,EAAhB,CAJU;;AAMd,IAAE,IAAF,CAAO,OAAP,EAAgB,UAAU,QAAV,EAAoB;AAClC,QAAI,YAAY,MAAZ,CAD8B;;AAGlC,QAAI,gBAAgB,OAAO,QAAP,GAAkB,GAAlB,GAAwB,SAAxB,CAHc;AAIlC,+BAAa,kBAAb,CAAgC,aAAhC,EAA+C,UAAU,KAAV,EAAiB,MAAjB,EAAyB;AACtE,WAAK,KAAL,CAAW,KAAX,EAAkB,SAAlB,EADsE;AAEtE,WAAK,KAAL,CAAW,MAAX,EAAmB,QAAnB;;;AAFsE,UAKlE,aAAa,gBAAb,EAA+B;AACjC,aAAK,KAAL,CAAW,SAAS,mBAAT,EAA8B,SAAzC,EADiC;OAAnC,MAEO,IAAI,aAAa,cAAb,EAA6B;AACtC,aAAK,KAAL,CAAW,SAAS,iBAAT,EAA4B,SAAvC,EADsC;OAAjC,MAEA,IAAI,aAAa,gBAAb,EAA+B;AACxC,aAAK,KAAL,CAAW,SAAS,mBAAT,EAA8B,SAAzC,EADwC;OAAnC;;;AAT+D,cActE,CAAS,mBAAT,GAA+B,IAA/B,CAdsE;AAetE,eAAS,iBAAT,GAA6B,IAA7B,CAfsE;AAgBtE,eAAS,mBAAT,GAA+B,IAA/B,CAhBsE;;AAkBtE,oBAAc,IAAd,CAAmB,MAAnB,EAlBsE;KAAzB,CAA/C,CAJkC;GAApB,CAAhB;;;AANc,MAiCd,CAAK,KAAL,CAAW,aAAX,EAA0B,OAA1B,EAjCc;CAAhB,CADF","file":"/packages/accounts-base/accounts_url_tests.js.map","sourcesContent":["import {AccountsTest} from \"meteor/accounts-base\";\n\nTinytest.add(\"accounts - parse urls for accounts-password\",\n  function (test) {\n    var actions = [\"reset-password\", \"verify-email\", \"enroll-account\"];\n\n    // make sure the callback was called the right number of times\n    var actionsParsed = [];\n\n    _.each(actions, function (hashPart) {\n      var fakeToken = \"asdf\";\n      \n      var hashTokenOnly = \"#/\" + hashPart + \"/\" + fakeToken;\n      AccountsTest.attemptToMatchHash(hashTokenOnly, function (token, action) {\n        test.equal(token, fakeToken);\n        test.equal(action, hashPart);\n\n        // XXX COMPAT WITH 0.9.3\n        if (hashPart === \"reset-password\") {\n          test.equal(Accounts._resetPasswordToken, fakeToken);\n        } else if (hashPart === \"verify-email\") {\n          test.equal(Accounts._verifyEmailToken, fakeToken);\n        } else if (hashPart === \"enroll-account\") {\n          test.equal(Accounts._enrollAccountToken, fakeToken);\n        }\n\n        // Reset variables for the next test\n        Accounts._resetPasswordToken = null;\n        Accounts._verifyEmailToken = null;\n        Accounts._enrollAccountToken = null;\n\n        actionsParsed.push(action);\n      });\n    });\n\n    // make sure each action is called once, in order\n    test.equal(actionsParsed, actions);\n  });\n"]},"hash":"f1bbed14332e25d0f6bb125577b76ced213ca0ba"}
